Fecha,Muestreo,Hoja,x,y
17/9/2021,M20,110,-83.8756,9.263715
17/9/2021,M20,109,-83.875616,9.263701
18/3/2021,M18,107,-83.875707,9.263881
7/9/2020,M5,11,-83.875716,9.263878
14/9/2020,M8,62,-83.875729,9.263037
9/8/2020,M3,15,-83.875734,9.26308
25/11/2020,M13,37,-83.875739,9.263806
1/12/2020,M14 ,14,-83.875742,9.263836
1/12/2020,M14 ,11,-83.875744,9.263801
14/9/2020,M8,69,-83.875756,9.263823
1/12/2020,M14 ,13,-83.875756,9.263821
17/9/2021,M20,107,-83.875759,9.263895
1/12/2020,M14 ,12,-83.87576,9.263796
17/9/2021,M20,108,-83.87576,9.26383
14/9/2020,M8,68,-83.875764,9.263837
12/9/2020,M7,92,-83.875766,9.263857
7/9/2020,M5,1,-83.875767,9.262957
12/9/2020,M7,91,-83.875767,9.263806
16/9/2020,M9,12,-83.875769,9.263823
25/11/2020,M13,36,-83.87577,9.263787
23/9/2020,M11,52,-83.875774,9.263054
14/9/2020,M8,63,-83.875775,9.263043
16/9/2020,M9,4,-83.875775,9.263014
16/9/2020,M9,13,-83.875775,9.263797
26/1/2021,M16,10,-83.875776,9.263846
4/8/2020,M1,147,-83.875777,9.26308
16/9/2020,M9,11,-83.875778,9.263843
4/12/2020,M15,4,-83.875778,9.263764
17/9/2021,M20,106,-83.875789,9.263853
15/3/2021,M17,40,-83.875791,9.26379
12/8/2020,M4,99,-83.875792,9.263771
4/12/2020,M15,3,-83.875792,9.263759
25/11/2020,M13,38,-83.875795,9.263814
12/9/2020,M7,78,-83.875801,9.263103
23/9/2020,M11,57,-83.875801,9.263804
12/9/2020,M7,79,-83.875802,9.263132
19/9/2020,M10,36,-83.875807,9.263087
15/3/2021,M17,35,-83.875808,9.263094
17/9/2021,M20,105,-83.875808,9.263816
1/12/2020,M14 ,15,-83.875811,9.263808
21/4/2021,M19,38,-83.875811,9.263766
19/9/2020,M10,35,-83.875813,9.263048
26/1/2021,M16,2,-83.875815,9.26302
23/9/2020,M11,51,-83.875817,9.263058
16/9/2020,M9,2,-83.875818,9.263108
19/9/2020,M10,34,-83.875818,9.263067
19/9/2020,M10,37,-83.875821,9.263028
25/11/2020,M13,35,-83.875828,9.2638
9/8/2020,M3,11,-83.875829,9.26374
17/9/2021,M20,102,-83.875829,9.263788
17/9/2021,M20,101,-83.87583,9.263828
12/8/2020,M4,45,-83.875833,9.263753
17/9/2021,M20,111,-83.875833,9.263772
17/9/2021,M20,103,-83.875834,9.263811
1/12/2020,M14 ,9,-83.875835,9.263837
19/9/2020,M10,33,-83.875836,9.263046
1/12/2020,M14 ,3,-83.875837,9.263044
7/9/2020,M5,10,-83.87584,9.263763
16/9/2020,M9,3,-83.87584,9.263172
26/1/2021,M16,9,-83.87584,9.263826
12/8/2020,M4,98,-83.875841,9.263797
17/9/2021,M20,104,-83.875842,9.263849
19/9/2020,M10,42,-83.875844,9.263781
1/12/2020,M14 ,8,-83.87585,9.263807
12/8/2020,M4,91,-83.875851,9.263092
17/9/2021,M20,86,-83.875851,9.263124
1/12/2020,M14 ,10,-83.875855,9.263832
21/4/2021,M19,35,-83.875855,9.263099
23/9/2020,M11,50,-83.87586,9.263051
1/12/2020,M14 ,2,-83.87586,9.26307
25/11/2020,M13,34,-83.875862,9.263063
18/3/2021,M18,108,-83.875862,9.263795
23/9/2020,M11,56,-83.875863,9.263775
4/12/2020,M15,1,-83.875863,9.263096
4/8/2020,M1,129,-83.875864,9.263498
12/9/2020,M7,77,-83.875873,9.263095
1/12/2020,M14 ,1,-83.875875,9.263034
26/1/2021,M16,8,-83.875877,9.263523
19/9/2020,M10,41,-83.875879,9.263745
1/12/2020,M14 ,16,-83.87588,9.263799
12/8/2020,M4,90,-83.875883,9.263021
23/9/2020,M11,49,-83.875885,9.263087
26/1/2021,M16,7,-83.875889,9.263512
18/3/2021,M18,105,-83.875893,9.26353
21/4/2021,M19,37,-83.875896,9.263512
18/3/2021,M18,109,-83.875898,9.263826
9/8/2020,M3,9,-83.875904,9.263753
16/9/2020,M9,1,-83.875913,9.262915
9/8/2020,M3,10,-83.875916,9.26373
26/1/2021,M16,11,-83.875918,9.263751
17/9/2021,M20,87,-83.875929,9.263215
15/3/2021,M17,41,-83.875931,9.263814
18/3/2021,M18,106,-83.875934,9.263542
15/3/2021,M17,42,-83.875937,9.263859
9/8/2020,M3,8,-83.875939,9.263527
18/3/2021,M18,104,-83.87595,9.263493
17/9/2021,M20,100,-83.875951,9.26382
1/12/2020,M14 ,7,-83.875956,9.263533
4/8/2020,M1,128,-83.875964,9.263476
26/1/2021,M16,6,-83.875968,9.263463
1/12/2020,M14 ,17,-83.875969,9.263827
14/9/2020,M8,67,-83.875972,9.263571
4/8/2020,M1,146,-83.875979,9.263124
15/3/2021,M17,38,-83.875983,9.263424
16/9/2020,M9,10,-83.875988,9.263553
12/9/2020,M7,90,-83.875991,9.263559
17/9/2021,M20,88,-83.875993,9.263211
17/9/2021,M20,89,-83.875993,9.263204
1/12/2020,M14 ,4,-83.875997,9.262975
15/3/2021,M17,39,-83.875997,9.263453
18/3/2021,M18,48,-83.875998,9.263173
16/9/2020,M9,5,-83.876,9.263096
12/9/2020,M7,81,-83.876002,9.263177
7/8/2020,M2,33,-83.876016,9.263598
16/9/2020,M9,7,-83.876025,9.263279
15/3/2021,M17,44,-83.876025,9.263815
15/3/2021,M17,37,-83.876027,9.263391
23/9/2020,M11,55,-83.876028,9.263497
21/4/2021,M19,123,-83.876034,9.263502
7/8/2020,M2,6,-83.876038,9.26352
21/4/2021,M19,124,-83.876039,9.263572
18/3/2021,M18,102,-83.87604,9.263474
7/8/2020,M2,7,-83.876041,9.263478
21/4/2021,M19,36,-83.876041,9.263293
16/9/2020,M9,6,-83.876044,9.263224
4/12/2020,M15,7,-83.876052,9.263902
21/4/2021,M19,39,-83.876053,9.26386
12/8/2020,M4,92,-83.876054,9.263164
4/12/2020,M15,5,-83.876056,9.263864
19/9/2020,M10,40,-83.876059,9.263263
4/12/2020,M15,2,-83.876059,9.263176
23/9/2020,M11,58,-83.876061,9.263931
7/9/2020,M5,9,-83.876067,9.263556
12/8/2020,M4,93,-83.876069,9.263092
23/9/2020,M11,54,-83.876069,9.263515
4/8/2020,M1,130,-83.876073,9.263227
4/8/2020,M1,131,-83.876073,9.263141
4/8/2020,M1,133,-83.876074,9.263199
15/3/2021,M17,43,-83.876075,9.263751
18/3/2021,M18,103,-83.876075,9.263478
2/12/2020,M14 ,126,-83.876078,9.26392
21/4/2021,M19,119,-83.876085,9.263036
4/8/2020,M1,132,-83.876086,9.263253
4/12/2020,M15,6,-83.876086,9.263867
7/8/2020,M2,1,-83.87609,9.262825
9/8/2020,M3,7,-83.87609,9.263482
16/9/2020,M9,9,-83.876093,9.263507
12/9/2020,M7,80,-83.876095,9.263184
15/3/2021,M17,36,-83.876095,9.263182
17/9/2021,M20,90,-83.876098,9.263503
1/12/2020,M14 ,18,-83.8761,9.26395
21/4/2021,M19,120,-83.876108,9.263214
12/8/2020,M4,43,-83.876109,9.263548
21/4/2021,M19,40,-83.87611,9.263904
18/3/2021,M18,49,-83.876111,9.263243
17/9/2021,M20,99,-83.876117,9.263869
7/9/2020,M5,12,-83.876118,9.26357
19/9/2020,M10,43,-83.87612,9.263937
12/9/2020,M7,87,-83.876121,9.263596
4/8/2020,M1,127,-83.876122,9.263539
7/8/2020,M2,30,-83.876126,9.26332
7/8/2020,M2,4,-83.876128,9.263601
12/9/2020,M7,89,-83.876128,9.263606
12/9/2020,M7,88,-83.876129,9.263597
8/9/2020,M6,84,-83.87613,9.263394
17/9/2021,M20,98,-83.87613,9.263909
23/9/2020,M11,53,-83.876131,9.263492
9/8/2020,M3,2,-83.876132,9.263167
12/8/2020,M4,94,-83.876134,9.263368
18/3/2021,M18,101,-83.876137,9.263587
12/9/2020,M7,86,-83.876142,9.263606
26/1/2021,M16,12,-83.876142,9.263877
18/3/2021,M18,100,-83.876142,9.26359
1/12/2020,M14 ,5,-83.876143,9.26312
21/4/2021,M19,126,-83.876144,9.263558
17/9/2021,M20,113,-83.876144,9.263488
12/8/2020,M4,44,-83.876146,9.263532
18/3/2021,M18,46,-83.876147,9.263057
17/9/2021,M20,114,-83.876148,9.263494
7/8/2020,M2,5,-83.876149,9.263501
16/9/2020,M9,15,-83.876151,9.263547
14/9/2020,M8,66,-83.876154,9.263555
21/4/2021,M19,125,-83.876159,9.26357
21/4/2021,M19,121,-83.876162,9.263478
7/8/2020,M2,3,-83.876163,9.26356
7/9/2020,M5,2,-83.876163,9.263196
19/9/2020,M10,38,-83.876165,9.263137
26/1/2021,M16,13,-83.876167,9.263546
23/9/2020,M11,61,-83.876168,9.263449
15/3/2021,M17,45,-83.876168,9.26387
17/9/2021,M20,91,-83.876168,9.263587
15/3/2021,M17,47,-83.876169,9.263525
17/9/2021,M20,92,-83.876169,9.263593
26/1/2021,M16,1,-83.87617,9.262391
17/9/2021,M20,115,-83.87617,9.26352
12/8/2020,M4,95,-83.876174,9.26341
21/4/2021,M19,122,-83.876174,9.263479
8/9/2020,M6,82,-83.87618,9.263644
15/3/2021,M17,51,-83.876182,9.263379
15/3/2021,M17,46,-83.876184,9.263581
7/9/2020,M5,8,-83.876185,9.263451
25/11/2020,M13,39,-83.876185,9.263616
8/9/2020,M6,83,-83.876187,9.263658
7/9/2020,M5,3,-83.876189,9.263259
26/1/2021,M16,14,-83.876189,9.263601
18/3/2021,M18,99,-83.87619,9.263587
9/8/2020,M3,17,-83.876191,9.263322
17/9/2021,M20,94,-83.876196,9.263623
14/9/2020,M8,64,-83.876197,9.263464
9/8/2020,M3,18,-83.876205,9.263407
19/9/2020,M10,44,-83.876209,9.263618
9/8/2020,M3,16,-83.876212,9.263186
15/3/2021,M17,50,-83.876212,9.263364
17/9/2021,M20,93,-83.876213,9.263593
7/8/2020,M2,2,-83.876214,9.263064
9/8/2020,M3,19,-83.876218,9.263403
17/9/2021,M20,95,-83.876218,9.263963
1/12/2020,M14 ,6,-83.876219,9.263038
16/9/2020,M9,14,-83.876221,9.263565
9/8/2020,M3,5,-83.876223,9.263397
18/3/2021,M18,110,-83.876226,9.263444
7/9/2020,M5,7,-83.876233,9.263399
7/8/2020,M2,31,-83.876235,9.263413
12/8/2020,M4,96,-83.876237,9.263488
7/9/2020,M5,6,-83.876238,9.263433
9/8/2020,M3,4,-83.876241,9.263305
15/3/2021,M17,49,-83.876242,9.263351
17/9/2021,M20,112,-83.876247,9.263028
23/9/2020,M11,60,-83.876251,9.263252
4/8/2020,M1,145,-83.876253,9.263023
16/9/2020,M9,8,-83.876253,9.26323
4/8/2020,M1,134,-83.876255,9.263082
17/9/2021,M20,96,-83.876262,9.264003
7/8/2020,M2,32,-83.876264,9.26371
23/9/2020,M11,59,-83.876267,9.263237
19/9/2020,M10,39,-83.87627,9.262973
15/3/2021,M17,52,-83.876277,9.263556
15/3/2021,M17,48,-83.87628,9.263448
7/8/2020,M2,46,-83.876282,9.26372
18/3/2021,M18,47,-83.876288,9.263067
17/9/2021,M20,97,-83.876295,9.264047
12/8/2020,M4,97,-83.876304,9.263709
4/8/2020,M1,126,-83.876313,9.263461
4/8/2020,M1,148,-83.876313,9.263022
17/9/2021,M20,116,-83.876317,9.263583
26/1/2021,M16,5,-83.876323,9.263357
9/8/2020,M3,3,-83.876327,9.263167
1/12/2020,M14 ,19,-83.876329,9.263442
4/8/2020,M1,144,-83.87633,9.263189
26/1/2021,M16,3,-83.876331,9.262931
7/9/2020,M5,13,-83.876332,9.263711
12/8/2020,M4,42,-83.876337,9.263208
14/9/2020,M8,65,-83.876337,9.263407
19/9/2020,M10,45,-83.876338,9.263789
4/8/2020,M1,143,-83.876341,9.263213
26/1/2021,M16,15,-83.876341,9.263683
9/8/2020,M3,6,-83.876342,9.263443
7/9/2020,M5,4,-83.876345,9.263183
21/4/2021,M19,41,-83.876346,9.263708
8/9/2020,M6,85,-83.876348,9.263434
21/4/2021,M19,43,-83.876349,9.263862
7/9/2020,M5,5,-83.876353,9.263206
4/8/2020,M1,124,-83.876363,9.263751
17/9/2021,M20,117,-83.876363,9.26358
17/9/2021,M20,118,-83.876363,9.263534
18/3/2021,M18,50,-83.876379,9.263566
26/1/2021,M16,4,-83.876393,9.263235
12/9/2020,M7,84,-83.876399,9.263525
17/9/2021,M20,119,-83.876402,9.263503
7/8/2020,M2,34,-83.876404,9.263464
12/9/2020,M7,85,-83.876406,9.263539
15/3/2021,M17,99,-83.876407,9.263043
4/8/2020,M1,125,-83.876412,9.263824
18/3/2021,M18,112,-83.876416,9.263049
1/12/2020,M14 ,24,-83.876417,9.263794
17/9/2021,M20,144,-83.876418,9.264392
14/9/2020,M8,72,-83.876419,9.263777
17/9/2021,M20,145,-83.87642,9.26439
14/9/2020,M8,61,-83.876423,9.263038
19/9/2020,M10,46,-83.876424,9.263594
1/12/2020,M14 ,20,-83.876424,9.263528
17/9/2021,M20,143,-83.876425,9.264367
21/4/2021,M19,42,-83.876427,9.263776
25/11/2020,M13,41,-83.876429,9.26371
17/9/2021,M20,142,-83.876429,9.264355
17/9/2021,M20,148,-83.876431,9.264423
26/1/2021,M16,16,-83.876436,9.263452
12/8/2020,M4,47,-83.876437,9.263501
17/9/2021,M20,140,-83.876437,9.264181
16/9/2020,M9,16,-83.876438,9.263542
1/12/2020,M14 ,25,-83.876438,9.263783
4/12/2020,M15,8,-83.876438,9.263563
7/9/2020,M5,14,-83.876441,9.263553
25/11/2020,M13,40,-83.876442,9.263491
23/9/2020,M11,65,-83.876444,9.263725
17/9/2021,M20,62,-83.876445,9.263042
17/9/2021,M20,127,-83.876446,9.263695
17/9/2021,M20,141,-83.876448,9.264374
4/8/2020,M1,117,-83.876451,9.263729
4/8/2020,M1,118,-83.876454,9.263664
17/9/2021,M20,146,-83.876457,9.264368
26/1/2021,M16,17,-83.876458,9.263498
17/9/2021,M20,147,-83.876462,9.264362
23/9/2020,M11,64,-83.876463,9.263727
23/9/2020,M11,63,-83.876469,9.263639
12/8/2020,M4,46,-83.876482,9.263462
9/8/2020,M3,13,-83.876485,9.263655
19/9/2020,M10,49,-83.876485,9.263771
16/9/2020,M9,17,-83.876487,9.263603
19/9/2020,M10,48,-83.876492,9.263764
17/9/2021,M20,126,-83.876492,9.26378
4/8/2020,M1,119,-83.876493,9.2636
19/9/2020,M10,47,-83.876493,9.263551
18/3/2021,M18,51,-83.876493,9.263645
14/9/2020,M8,71,-83.876494,9.263702
12/8/2020,M4,100,-83.876505,9.263646
14/9/2020,M8,73,-83.876506,9.263807
1/12/2020,M14 ,23,-83.87651,9.263807
9/8/2020,M3,12,-83.876517,9.26362
12/9/2020,M7,82,-83.876517,9.263526
13/9/2020,M7,94,-83.87652,9.263666
15/3/2021,M17,53,-83.876521,9.263508
9/8/2020,M3,20,-83.876523,9.263577
19/9/2020,M10,50,-83.876524,9.263785
1/12/2020,M14 ,21,-83.876524,9.263569
13/9/2020,M7,97,-83.876527,9.263721
7/9/2020,M5,16,-83.876529,9.263797
4/8/2020,M1,120,-83.87653,9.263528
2/12/2020,M14 ,127,-83.87653,9.264294
25/11/2020,M13,42,-83.876531,9.263766
13/9/2020,M7,96,-83.876532,9.2637
9/8/2020,M3,14,-83.876538,9.263715
4/8/2020,M1,116,-83.876545,9.263728
4/12/2020,M15,27,-83.876547,9.264466
18/3/2021,M18,45,-83.876555,9.263055
9/8/2020,M3,21,-83.87656,9.263743
23/9/2020,M11,62,-83.87656,9.263473
12/9/2020,M7,83,-83.876572,9.263553
17/9/2021,M20,125,-83.876572,9.263704
13/9/2020,M7,95,-83.876574,9.263622
17/9/2021,M20,120,-83.876574,9.263549
13/9/2020,M7,93,-83.876584,9.263502
19/9/2020,M10,51,-83.876586,9.263835
17/9/2021,M20,121,-83.876586,9.263528
4/8/2020,M1,114,-83.876587,9.263679
17/9/2021,M20,122,-83.876588,9.263501
12/8/2020,M4,101,-83.87659,9.263791
4/8/2020,M1,115,-83.876596,9.26366
1/12/2020,M14 ,26,-83.876609,9.263777
8/9/2020,M6,81,-83.87661,9.26349
17/9/2021,M20,139,-83.87661,9.264186
8/9/2020,M6,80,-83.876611,9.263501
4/8/2020,M1,140,-83.876613,9.263007
25/11/2020,M13,43,-83.876613,9.263798
1/12/2020,M14 ,22,-83.876618,9.263459
26/1/2021,M16,18,-83.876618,9.263437
18/3/2021,M18,111,-83.876618,9.263626
4/8/2020,M1,142,-83.876619,9.263455
21/4/2021,M19,127,-83.876619,9.263554
7/8/2020,M2,35,-83.876635,9.263686
7/8/2020,M2,9,-83.876639,9.263507
16/9/2020,M9,18,-83.876642,9.263773
15/3/2021,M17,98,-83.876644,9.263082
21/4/2021,M19,128,-83.876649,9.26379
17/9/2021,M20,124,-83.876652,9.263769
15/3/2021,M17,56,-83.876653,9.263736
15/3/2021,M17,54,-83.876659,9.263468
23/9/2020,M11,66,-83.876662,9.263766
18/3/2021,M18,52,-83.876662,9.263179
1/12/2020,M14 ,27,-83.876664,9.263741
14/9/2020,M8,70,-83.876668,9.263587
1/12/2020,M14 ,41,-83.87667,9.264429
4/8/2020,M1,122,-83.876671,9.263395
13/9/2020,M7,98,-83.876671,9.263663
4/8/2020,M1,113,-83.876672,9.263735
4/8/2020,M1,123,-83.876675,9.263391
15/3/2021,M17,57,-83.876676,9.263808
15/3/2021,M17,58,-83.876679,9.263815
7/8/2020,M2,10,-83.876682,9.263778
23/9/2020,M11,67,-83.876682,9.263694
7/8/2020,M2,8,-83.876685,9.263519
4/12/2020,M15,9,-83.876685,9.263898
17/9/2021,M20,128,-83.876686,9.263794
17/9/2021,M20,123,-83.876688,9.26378
26/1/2021,M16,30,-83.876692,9.264431
12/8/2020,M4,102,-83.876693,9.263752
4/12/2020,M15,26,-83.876694,9.264441
7/9/2020,M5,15,-83.876695,9.263536
7/9/2020,M5,17,-83.876695,9.263817
4/12/2020,M15,25,-83.876696,9.264443
19/9/2020,M10,52,-83.876702,9.263732
17/9/2021,M20,137,-83.876703,9.264274
15/3/2021,M17,55,-83.876709,9.26355
17/9/2021,M20,138,-83.87671,9.26424
26/1/2021,M16,31,-83.876725,9.264478
23/9/2020,M11,75,-83.876727,9.26445
4/8/2020,M1,121,-83.876731,9.26345
15/3/2021,M17,34,-83.876731,9.264454
8/9/2020,M6,78,-83.876734,9.263792
18/3/2021,M18,86,-83.876737,9.264493
13/9/2020,M7,99,-83.876741,9.263708
4/8/2020,M1,28,-83.876742,9.26389
16/9/2020,M9,19,-83.876743,9.263898
8/9/2020,M6,79,-83.87675,9.263711
14/9/2020,M8,74,-83.876754,9.263716
1/12/2020,M14 ,40,-83.876759,9.2645
25/11/2020,M13,44,-83.87676,9.263936
18/3/2021,M18,87,-83.876761,9.264448
7/8/2020,M2,11,-83.876768,9.263883
16/9/2020,M9,20,-83.876772,9.263895
23/9/2020,M11,74,-83.876778,9.264345
12/8/2020,M4,48,-83.876784,9.263884
13/9/2020,M7,100,-83.876784,9.26369
7/8/2020,M2,38,-83.876787,9.264286
4/12/2020,M15,24,-83.876789,9.264323
17/9/2021,M20,149,-83.876792,9.264463
15/3/2021,M17,33,-83.876794,9.264444
18/3/2021,M18,88,-83.876794,9.264344
16/9/2020,M9,26,-83.876796,9.264337
29/10/2020,M12,43,-83.876797,9.262977
14/9/2020,M8,75,-83.876798,9.263743
18/3/2021,M18,89,-83.876799,9.264342
17/9/2021,M20,61,-83.876803,9.263081
17/9/2021,M20,135,-83.876808,9.264346
4/12/2020,M15,28,-83.876812,9.264342
23/9/2020,M11,73,-83.876813,9.264357
1/12/2020,M14 ,39,-83.876821,9.264312
13/9/2020,M7,110,-83.876824,9.264368
21/4/2021,M19,129,-83.876832,9.263678
10/8/2020,M3,66,-83.876847,9.264454
7/8/2020,M2,37,-83.876851,9.26433
21/4/2021,M19,79,-83.876857,9.264385
4/12/2020,M15,23,-83.876858,9.264567
26/1/2021,M16,27,-83.876858,9.264348
26/1/2021,M16,32,-83.876859,9.264506
17/9/2021,M20,136,-83.87686,9.26433
15/3/2021,M17,72,-83.876861,9.264311
13/9/2020,M7,109,-83.876864,9.264318
15/3/2021,M17,71,-83.876867,9.264318
19/9/2020,M10,61,-83.876868,9.264337
23/9/2020,M11,72,-83.876868,9.264351
1/12/2020,M14 ,37,-83.87687,9.264338
26/1/2021,M16,28,-83.876871,9.264329
16/9/2020,M9,25,-83.876872,9.264384
18/3/2021,M18,85,-83.876872,9.264574
4/12/2020,M15,102,-83.876873,9.264614
26/1/2021,M16,29,-83.876874,9.264331
25/11/2020,M13,52,-83.876875,9.264319
13/9/2020,M7,108,-83.876877,9.264301
19/9/2020,M10,60,-83.87688,9.26429
25/11/2020,M13,53,-83.876888,9.264289
12/8/2020,M4,49,-83.876897,9.26402
13/9/2020,M7,107,-83.876902,9.264312
4/8/2020,M1,27,-83.876903,9.26416
16/9/2020,M9,24,-83.876908,9.264332
1/12/2020,M14 ,36,-83.87691,9.264375
25/11/2020,M13,54,-83.876911,9.264297
25/11/2020,M13,55,-83.876912,9.264281
10/8/2020,M3,32,-83.876913,9.264359
4/12/2020,M15,29,-83.876913,9.264343
4/12/2020,M15,30,-83.876918,9.264313
21/4/2021,M19,80,-83.87692,9.264433
17/9/2021,M20,134,-83.87692,9.264413
15/3/2021,M17,70,-83.876925,9.264319
4/12/2020,M15,103,-83.876926,9.264621
4/12/2020,M15,104,-83.876927,9.264618
21/4/2021,M19,78,-83.876934,9.264695
12/8/2020,M4,54,-83.876942,9.264354
1/12/2020,M14 ,38,-83.876946,9.264358
8/9/2020,M6,77,-83.876948,9.264066
26/1/2021,M16,33,-83.87695,9.264582
21/4/2021,M19,82,-83.876951,9.264372
1/12/2020,M14 ,28,-83.876955,9.264019
4/12/2020,M15,22,-83.876961,9.264588
17/9/2021,M20,129,-83.876961,9.264083
19/9/2020,M10,59,-83.876962,9.264338
17/9/2021,M20,153,-83.876974,9.264709
17/9/2021,M20,152,-83.876975,9.264707
17/9/2021,M20,154,-83.876979,9.264662
18/3/2021,M18,84,-83.876985,9.264737
8/9/2020,M6,69,-83.876987,9.264625
17/9/2021,M20,151,-83.876997,9.264616
17/9/2021,M20,150,-83.877,9.264623
4/12/2020,M15,99,-83.877016,9.264689
7/8/2020,M2,16,-83.877023,9.264745
4/12/2020,M15,21,-83.877029,9.264625
21/4/2021,M19,81,-83.87703,9.264352
4/12/2020,M15,19,-83.877032,9.264809
26/1/2021,M16,34,-83.877032,9.264565
4/12/2020,M15,101,-83.877035,9.264596
4/8/2020,M1,26,-83.87704,9.264219
4/12/2020,M15,105,-83.877048,9.264607
4/12/2020,M15,100,-83.877052,9.264599
4/8/2020,M1,15,-83.877065,9.264765
4/8/2020,M1,25,-83.877069,9.264198
4/8/2020,M1,110,-83.877069,9.264087
10/8/2020,M3,22,-83.877069,9.264005
4/8/2020,M1,107,-83.877076,9.264186
12/8/2020,M4,55,-83.877077,9.264803
10/8/2020,M3,23,-83.877078,9.26405
4/12/2020,M15,106,-83.877078,9.264606
4/12/2020,M15,20,-83.877082,9.264706
4/12/2020,M15,98,-83.877083,9.264648
13/9/2020,M7,111,-83.877084,9.264608
17/9/2021,M20,131,-83.877089,9.264153
10/8/2020,M3,94,-83.87709,9.2642
25/11/2020,M13,45,-83.877091,9.264169
12/8/2020,M4,103,-83.877094,9.264118
21/4/2021,M19,49,-83.877096,9.264139
17/9/2021,M20,130,-83.877102,9.26423
13/9/2020,M7,101,-83.877104,9.26418
17/9/2021,M20,155,-83.877105,9.264765
4/8/2020,M1,111,-83.877107,9.264142
19/9/2020,M10,58,-83.877107,9.264288
4/12/2020,M15,97,-83.877107,9.264769
17/9/2021,M20,133,-83.877108,9.264184
4/8/2020,M1,109,-83.877109,9.26408
25/11/2020,M13,47,-83.877109,9.26418
1/12/2020,M14 ,30,-83.877109,9.264171
18/3/2021,M18,98,-83.877112,9.264168
4/12/2020,M15,11,-83.877115,9.264254
18/3/2021,M18,83,-83.877116,9.264777
25/11/2020,M13,48,-83.877117,9.264203
4/12/2020,M15,10,-83.877118,9.26424
15/3/2021,M17,59,-83.877118,9.264142
1/12/2020,M14 ,32,-83.877119,9.264143
4/8/2020,M1,112,-83.877121,9.26416
25/11/2020,M13,46,-83.877124,9.264132
4/8/2020,M1,103,-83.877126,9.264784
19/9/2020,M10,53,-83.877128,9.264211
25/11/2020,M13,50,-83.877128,9.264089
8/9/2020,M6,76,-83.877129,9.26418
25/11/2020,M13,49,-83.877131,9.264158
12/8/2020,M4,107,-83.877134,9.264829
1/12/2020,M14 ,33,-83.877136,9.264126
1/12/2020,M14 ,31,-83.87714,9.264147
4/8/2020,M1,22,-83.877142,9.264154
17/9/2021,M20,132,-83.877142,9.264179
26/1/2021,M16,26,-83.877144,9.26442
12/8/2020,M4,51,-83.877145,9.264173
26/1/2021,M16,25,-83.877147,9.264357
10/8/2020,M3,25,-83.877148,9.264115
1/12/2020,M14 ,29,-83.87715,9.264136
15/3/2021,M17,32,-83.87715,9.264731
12/8/2020,M4,106,-83.877152,9.264784
10/8/2020,M3,31,-83.877153,9.26439
18/3/2021,M18,82,-83.877156,9.264855
4/8/2020,M1,14,-83.877157,9.264837
12/8/2020,M4,50,-83.877158,9.264196
21/4/2021,M19,48,-83.877159,9.264168
10/8/2020,M3,26,-83.877163,9.264189
13/9/2020,M7,102,-83.877166,9.264102
4/8/2020,M1,20,-83.877167,9.264239
23/9/2020,M11,68,-83.877167,9.264157
7/9/2020,M5,18,-83.877168,9.264161
4/12/2020,M15,12,-83.877169,9.264273
23/9/2020,M11,70,-83.87717,9.264237
21/4/2021,M19,83,-83.87717,9.264475
4/12/2020,M15,13,-83.877173,9.264211
4/8/2020,M1,105,-83.877174,9.263911
10/8/2020,M3,24,-83.877174,9.264098
13/9/2020,M7,105,-83.877179,9.264273
8/9/2020,M6,75,-83.877188,9.264164
4/8/2020,M1,24,-83.877189,9.264153
4/8/2020,M1,106,-83.87719,9.264166
26/1/2021,M16,20,-83.87719,9.264124
17/9/2021,M20,69,-83.877191,9.264259
18/3/2021,M18,97,-83.877193,9.264149
16/9/2020,M9,21,-83.877198,9.264138
4/12/2020,M15,15,-83.877199,9.264207
26/1/2021,M16,19,-83.877199,9.264122
4/8/2020,M1,19,-83.8772,9.264211
13/9/2020,M7,104,-83.877201,9.264183
12/8/2020,M4,52,-83.877202,9.26417
19/9/2020,M10,54,-83.877202,9.264179
4/8/2020,M1,21,-83.877204,9.264222
17/9/2021,M20,67,-83.877209,9.264258
10/8/2020,M3,27,-83.87721,9.264119
10/8/2020,M3,65,-83.877214,9.264467
21/4/2021,M19,47,-83.877214,9.264229
17/9/2021,M20,68,-83.877214,9.264255
17/9/2021,M20,156,-83.877215,9.264814
21/4/2021,M19,46,-83.877216,9.264227
15/3/2021,M17,60,-83.877219,9.26418
7/8/2020,M2,12,-83.87722,9.264184
15/3/2021,M17,68,-83.877221,9.264265
12/8/2020,M4,105,-83.877222,9.264216
7/9/2020,M5,21,-83.877223,9.264342
14/9/2020,M8,78,-83.877226,9.26449
26/1/2021,M16,24,-83.877226,9.264215
26/1/2021,M16,23,-83.877228,9.264214
23/9/2020,M11,69,-83.877229,9.264152
4/8/2020,M1,23,-83.87723,9.264175
7/8/2020,M2,13,-83.87723,9.264147
23/9/2020,M11,71,-83.87723,9.264366
17/9/2021,M20,70,-83.87723,9.264271
14/9/2020,M8,76,-83.877231,9.264248
4/12/2020,M15,14,-83.877234,9.264181
10/8/2020,M3,28,-83.877236,9.264153
7/8/2020,M2,14,-83.877238,9.264178
14/9/2020,M8,77,-83.877238,9.264159
25/11/2020,M13,51,-83.877238,9.264161
12/8/2020,M4,104,-83.877239,9.264231
19/9/2020,M10,55,-83.877239,9.264176
4/12/2020,M15,96,-83.877243,9.264955
16/9/2020,M9,22,-83.877246,9.264214
8/9/2020,M6,72,-83.877247,9.26426
10/8/2020,M3,64,-83.877248,9.264485
18/3/2021,M18,96,-83.877248,9.264153
4/12/2020,M15,95,-83.877249,9.264959
18/3/2021,M18,90,-83.87725,9.264469
13/9/2020,M7,103,-83.877251,9.264101
15/3/2021,M17,67,-83.877254,9.26435
19/9/2020,M10,57,-83.877255,9.264172
17/9/2021,M20,66,-83.877255,9.264396
10/8/2020,M3,30,-83.877259,9.26427
10/8/2020,M3,29,-83.87726,9.264164
18/3/2021,M18,95,-83.87726,9.264183
15/3/2021,M17,66,-83.877266,9.264294
8/9/2020,M6,71,-83.877268,9.264359
8/9/2020,M6,70,-83.87727,9.264331
8/9/2020,M6,74,-83.87727,9.26419
15/3/2021,M17,61,-83.877271,9.264178
4/12/2020,M15,17,-83.877276,9.264259
15/3/2021,M17,65,-83.877277,9.264288
7/8/2020,M2,36,-83.877279,9.264212
26/1/2021,M16,21,-83.877283,9.26411
18/3/2021,M18,94,-83.877283,9.264237
7/9/2020,M5,19,-83.877284,9.264206
18/3/2021,M18,93,-83.877285,9.264345
7/9/2020,M5,20,-83.877289,9.26417
15/3/2021,M17,63,-83.87729,9.26416
15/3/2021,M17,62,-83.877293,9.26415
13/9/2020,M7,106,-83.877294,9.264376
26/1/2021,M16,22,-83.877295,9.264177
8/9/2020,M6,73,-83.877297,9.264179
7/8/2020,M2,15,-83.877298,9.264186
18/3/2021,M18,92,-83.877299,9.264342
18/3/2021,M18,79,-83.8773,9.265093
18/3/2021,M18,80,-83.8773,9.265031
21/4/2021,M19,45,-83.8773,9.264254
19/9/2020,M10,56,-83.877301,9.264174
18/3/2021,M18,81,-83.877301,9.265009
4/8/2020,M1,18,-83.877306,9.26418
4/12/2020,M15,16,-83.877311,9.264222
21/4/2021,M19,44,-83.877316,9.264242
4/8/2020,M1,17,-83.877317,9.264192
21/4/2021,M19,84,-83.87732,9.264371
4/8/2020,M1,16,-83.877322,9.264418
4/12/2020,M15,18,-83.877322,9.264407
21/4/2021,M19,77,-83.877322,9.264957
1/12/2020,M14 ,34,-83.877326,9.264193
1/12/2020,M14 ,35,-83.877326,9.264314
16/9/2020,M9,23,-83.877327,9.264465
7/9/2020,M5,22,-83.877329,9.264426
7/9/2020,M5,23,-83.877331,9.264364
18/3/2021,M18,91,-83.877334,9.264413
26/1/2021,M16,51,-83.877336,9.265004
15/3/2021,M17,69,-83.877338,9.264352
4/8/2020,M1,104,-83.877356,9.26432
4/12/2020,M15,94,-83.877359,9.264984
4/8/2020,M1,4,-83.877376,9.265298
4/8/2020,M1,141,-83.87739,9.263422
15/3/2021,M17,64,-83.8774,9.264219
8/8/2020,M2,109,-83.877428,9.265056
12/8/2020,M4,53,-83.877436,9.264293
8/8/2020,M2,110,-83.877473,9.26507
8/8/2020,M2,111,-83.87748,9.265124
8/8/2020,M2,112,-83.877493,9.265171
4/8/2020,M1,5,-83.877578,9.265224
2/12/2020,M14 ,61,-83.877601,9.265228
2/12/2020,M14 ,62,-83.87762,9.265213
29/10/2020,M12,47,-83.877623,9.263571
21/4/2021,M19,53,-83.877633,9.265173
21/4/2021,M19,52,-83.877639,9.265295
29/10/2020,M12,46,-83.87764,9.263681
21/4/2021,M19,54,-83.877641,9.265155
16/9/2020,M9,65,-83.877647,9.265242
22/9/2020,M11,14,-83.877648,9.265206
2/12/2020,M14 ,60,-83.877649,9.265268
4/12/2020,M15,52,-83.877652,9.265225
17/9/2021,M20,6,-83.877655,9.26532
14/9/2020,M8,51,-83.877666,9.263632
2/12/2020,M14 ,59,-83.877666,9.265286
7/9/2020,M5,32,-83.877668,9.263585
29/10/2020,M12,50,-83.87768,9.263474
4/8/2020,M1,94,-83.877681,9.263622
14/9/2020,M8,52,-83.877682,9.263644
22/9/2020,M11,36,-83.877682,9.263782
8/9/2020,M6,8,-83.877684,9.26516
25/11/2020,M13,56,-83.877687,9.263612
4/8/2020,M1,93,-83.877695,9.263631
18/3/2021,M18,31,-83.877699,9.263538
4/8/2020,M1,95,-83.877705,9.263783
4/8/2020,M1,6,-83.877707,9.265176
11/8/2020,M4,71,-83.877708,9.265144
7/8/2020,M2,23,-83.87771,9.263603
17/9/2021,M20,7,-83.877711,9.265346
10/8/2020,M3,57,-83.877712,9.263778
1/12/2020,M14 ,49,-83.877712,9.263542
17/9/2021,M20,60,-83.877715,9.263731
11/8/2020,M4,70,-83.877716,9.265099
29/10/2020,M12,49,-83.877719,9.263609
4/8/2020,M1,96,-83.877721,9.263825
17/9/2021,M20,9,-83.877722,9.265217
7/9/2020,M5,52,-83.877725,9.265422
14/9/2020,M8,17,-83.877726,9.265379
4/12/2020,M15,51,-83.877727,9.265297
14/9/2020,M8,50,-83.87773,9.263678
19/9/2020,M10,68,-83.877732,9.263774
15/3/2021,M17,26,-83.877734,9.265222
2/12/2020,M14 ,58,-83.877735,9.265323
22/9/2020,M11,37,-83.877739,9.263587
4/12/2020,M15,50,-83.877741,9.26535
10/8/2020,M3,60,-83.877742,9.263601
4/8/2020,M1,7,-83.877744,9.265167
17/9/2021,M20,59,-83.877744,9.263664
18/3/2021,M18,32,-83.877745,9.263516
14/9/2020,M8,16,-83.877746,9.265231
21/4/2021,M19,51,-83.877746,9.265238
17/9/2021,M20,8,-83.877746,9.265182
25/11/2020,M13,7,-83.877747,9.265481
4/8/2020,M1,1,-83.877749,9.265733
11/8/2020,M4,81,-83.877749,9.263552
16/9/2020,M9,67,-83.877751,9.265229
25/11/2020,M13,8,-83.877755,9.265433
26/1/2021,M16,54,-83.877755,9.265356
11/8/2020,M4,68,-83.877757,9.265408
12/9/2020,M7,60,-83.877759,9.26369
16/9/2020,M9,34,-83.877759,9.263555
4/12/2020,M15,49,-83.877759,9.265404
16/9/2020,M9,66,-83.877761,9.265253
22/9/2020,M11,38,-83.877761,9.263501
25/11/2020,M13,10,-83.877761,9.264946
18/3/2021,M18,30,-83.877761,9.263642
26/1/2021,M16,47,-83.877762,9.263778
2/12/2020,M14 ,57,-83.877765,9.265446
7/9/2020,M5,53,-83.877766,9.265194
16/9/2020,M9,64,-83.877767,9.264974
7/9/2020,M5,33,-83.877768,9.263569
12/9/2020,M7,59,-83.877771,9.263759
18/3/2021,M18,29,-83.877773,9.263718
8/9/2020,M6,7,-83.877775,9.265166
8/9/2020,M6,6,-83.877776,9.265223
14/9/2020,M8,44,-83.877776,9.264102
18/3/2021,M18,78,-83.877777,9.264154
15/3/2021,M17,97,-83.877778,9.263813
22/9/2020,M11,15,-83.877779,9.265377
26/1/2021,M16,103,-83.877779,9.2636
29/10/2020,M12,69,-83.87778,9.265181
18/3/2021,M18,28,-83.877783,9.263725
10/8/2020,M3,54,-83.877786,9.264122
26/1/2021,M16,45,-83.877786,9.263697
22/9/2020,M11,29,-83.877787,9.264102
4/12/2020,M15,53,-83.877787,9.265207
8/9/2020,M6,4,-83.877788,9.265484
22/9/2020,M11,16,-83.877788,9.265424
29/10/2020,M12,66,-83.87779,9.265455
28/10/2020,M12,41,-83.877791,9.264108
25/11/2020,M13,9,-83.877791,9.265246
26/1/2021,M16,50,-83.877793,9.263666
16/9/2020,M9,33,-83.877795,9.26357
17/9/2021,M20,5,-83.877796,9.265416
29/10/2020,M12,48,-83.877797,9.263617
4/8/2020,M1,2,-83.8778,9.26544
11/8/2020,M4,69,-83.8778,9.265425
12/9/2020,M7,61,-83.877801,9.263571
26/1/2021,M16,49,-83.877801,9.26367
15/3/2021,M17,27,-83.877801,9.265455
11/8/2020,M4,34,-83.877808,9.264
29/10/2020,M12,68,-83.877808,9.265365
4/8/2020,M1,39,-83.87781,9.264985
22/9/2020,M11,35,-83.87781,9.263656
14/9/2020,M8,18,-83.877811,9.265479
16/9/2020,M9,68,-83.877811,9.265196
22/9/2020,M11,33,-83.877813,9.264122
7/8/2020,M2,42,-83.877814,9.263658
10/8/2020,M3,52,-83.877814,9.265456
8/9/2020,M6,51,-83.877814,9.264062
22/9/2020,M11,30,-83.877814,9.26407
2/12/2020,M14 ,55,-83.877814,9.265458
18/3/2021,M18,54,-83.877814,9.265498
7/8/2020,M2,24,-83.877817,9.263572
19/9/2020,M10,81,-83.877818,9.263453
8/8/2020,M2,113,-83.877819,9.265249
4/8/2020,M1,3,-83.877822,9.265515
22/9/2020,M11,34,-83.877822,9.263627
7/9/2020,M5,34,-83.877824,9.263473
4/8/2020,M1,100,-83.877826,9.263656
10/8/2020,M3,59,-83.877826,9.26354
2/12/2020,M14 ,63,-83.877827,9.264967
17/9/2021,M20,35,-83.877828,9.263645
7/8/2020,M2,21,-83.877829,9.26396
16/9/2020,M9,31,-83.87783,9.26417
2/12/2020,M14 ,54,-83.87783,9.265522
17/9/2021,M20,4,-83.87783,9.265426
15/3/2021,M17,28,-83.877832,9.265547
10/8/2020,M3,36,-83.877833,9.263581
29/10/2020,M12,51,-83.877833,9.263581
1/12/2020,M14 ,42,-83.877833,9.26411
14/9/2020,M8,43,-83.877837,9.264153
29/10/2020,M12,71,-83.877837,9.265024
17/9/2021,M20,3,-83.877838,9.265433
29/10/2020,M12,67,-83.877839,9.265425
7/8/2020,M2,40,-83.87784,9.264133
17/9/2021,M20,38,-83.877843,9.263581
11/8/2020,M4,72,-83.877844,9.264947
4/12/2020,M15,47,-83.877845,9.265452
11/8/2020,M4,62,-83.877846,9.265629
7/9/2020,M5,27,-83.877846,9.26409
26/1/2021,M16,52,-83.877846,9.264962
2/12/2020,M14 ,56,-83.877847,9.265384
21/4/2021,M19,118,-83.877847,9.263596
11/8/2020,M4,18,-83.877848,9.264982
11/8/2020,M4,80,-83.877849,9.263624
2/12/2020,M14 ,125,-83.877849,9.263684
25/11/2020,M13,6,-83.87785,9.265491
15/3/2021,M17,25,-83.87785,9.265003
14/9/2020,M8,60,-83.877851,9.263641
16/9/2020,M9,35,-83.877852,9.263636
14/9/2020,M8,19,-83.877853,9.265519
8/9/2020,M6,50,-83.877854,9.264121
11/8/2020,M4,35,-83.877855,9.263799
16/9/2020,M9,32,-83.877855,9.264161
4/8/2020,M1,99,-83.877856,9.263691
4/8/2020,M1,98,-83.877857,9.26372
7/9/2020,M5,31,-83.877857,9.26361
28/10/2020,M12,42,-83.877857,9.264129
26/1/2021,M16,48,-83.877857,9.263833
2/12/2020,M14 ,53,-83.877858,9.265493
4/12/2020,M15,46,-83.877858,9.265452
26/1/2021,M16,37,-83.877859,9.264133
10/8/2020,M3,58,-83.87786,9.26356
4/12/2020,M15,48,-83.87786,9.265408
7/9/2020,M5,26,-83.877861,9.264072
4/8/2020,M1,97,-83.877862,9.263829
16/9/2020,M9,63,-83.877862,9.264992
4/8/2020,M1,87,-83.877863,9.263581
17/9/2021,M20,65,-83.877863,9.264115
15/3/2021,M17,96,-83.877864,9.263599
17/9/2021,M20,64,-83.877864,9.264068
14/9/2020,M8,42,-83.877865,9.264071
22/9/2020,M11,28,-83.877866,9.264093
11/8/2020,M4,64,-83.877867,9.265591
4/12/2020,M15,44,-83.877867,9.265525
14/9/2020,M8,49,-83.877868,9.263774
16/9/2020,M9,62,-83.877868,9.265097
25/11/2020,M13,102,-83.877868,9.263984
21/4/2021,M19,88,-83.877868,9.2642
7/9/2020,M5,50,-83.877869,9.265585
26/1/2021,M16,56,-83.877869,9.265568
22/9/2020,M11,39,-83.87787,9.263568
26/1/2021,M16,44,-83.877871,9.263711
26/1/2021,M16,53,-83.877871,9.265047
16/9/2020,M9,36,-83.877872,9.263651
8/8/2020,M2,72,-83.877874,9.265068
8/9/2020,M6,49,-83.877874,9.264027
22/9/2020,M11,17,-83.877874,9.265452
21/4/2021,M19,55,-83.877874,9.265012
11/8/2020,M4,63,-83.877875,9.265601
7/9/2020,M5,36,-83.877875,9.263529
25/11/2020,M13,32,-83.877875,9.264107
4/12/2020,M15,31,-83.877875,9.264075
17/9/2021,M20,10,-83.877875,9.265068
17/9/2021,M20,56,-83.877875,9.264036
7/8/2020,M2,25,-83.877878,9.263565
10/8/2020,M3,61,-83.877878,9.263548
14/9/2020,M8,47,-83.877878,9.263756
7/9/2020,M5,51,-83.877879,9.265531
8/9/2020,M6,2,-83.877879,9.265592
26/1/2021,M16,46,-83.877879,9.263715
7/9/2020,M5,25,-83.87788,9.264097
1/12/2020,M14 ,43,-83.87788,9.26403
7/8/2020,M2,41,-83.877881,9.264071
16/9/2020,M9,69,-83.877881,9.265599
22/9/2020,M11,32,-83.877881,9.264147
10/8/2020,M3,48,-83.877882,9.265644
10/8/2020,M3,62,-83.877882,9.264064
7/9/2020,M5,37,-83.877882,9.263634
18/9/2020,M10,15,-83.877882,9.265602
29/10/2020,M12,52,-83.877882,9.26355
14/9/2020,M8,45,-83.877883,9.264068
10/8/2020,M3,55,-83.877884,9.263937
11/8/2020,M4,17,-83.877885,9.265048
4/12/2020,M15,45,-83.877885,9.265466
7/9/2020,M5,49,-83.877886,9.265632
19/9/2020,M10,65,-83.877886,9.263996
11/8/2020,M4,66,-83.877887,9.265487
18/9/2020,M10,14,-83.877887,9.265536
8/9/2020,M6,60,-83.877888,9.263468
4/8/2020,M1,139,-83.877889,9.264076
14/9/2020,M8,48,-83.877889,9.263735
28/10/2020,M12,40,-83.877889,9.26392
7/9/2020,M5,30,-83.87789,9.263799
12/9/2020,M7,55,-83.87789,9.264036
4/12/2020,M15,107,-83.87789,9.264154
26/1/2021,M16,39,-83.87789,9.264091
14/9/2020,M8,21,-83.877891,9.265569
29/10/2020,M12,53,-83.877891,9.263574
4/12/2020,M15,43,-83.877891,9.265568
21/4/2021,M19,86,-83.877891,9.264126
7/8/2020,M2,27,-83.877892,9.263571
10/8/2020,M3,35,-83.877892,9.26351
26/1/2021,M16,35,-83.877892,9.264178
4/8/2020,M1,90,-83.877893,9.263614
16/9/2020,M9,30,-83.877893,9.264131
1/12/2020,M14 ,44,-83.877893,9.264071
7/8/2020,M2,28,-83.877894,9.263388
8/9/2020,M6,56,-83.877894,9.263671
25/11/2020,M13,4,-83.877894,9.265676
10/8/2020,M3,50,-83.877895,9.265615
7/9/2020,M5,35,-83.877895,9.263505
26/1/2021,M16,36,-83.877895,9.264195
17/9/2021,M20,73,-83.877895,9.265046
12/9/2020,M7,58,-83.877896,9.26382
14/9/2020,M8,41,-83.877896,9.264097
4/8/2020,M1,137,-83.877897,9.264094
7/8/2020,M2,20,-83.877897,9.264135
2/12/2020,M14 ,124,-83.877897,9.263669
21/4/2021,M19,116,-83.877898,9.263559
17/9/2021,M20,36,-83.877898,9.263562
8/9/2020,M6,54,-83.877899,9.263826
21/4/2021,M19,90,-83.877899,9.264032
17/9/2021,M20,55,-83.877899,9.263998
17/9/2021,M20,11,-83.8779,9.265047
7/8/2020,M2,43,-83.877901,9.263667
12/9/2020,M7,25,-83.877901,9.265432
16/9/2020,M9,38,-83.877901,9.263583
26/1/2021,M16,41,-83.877901,9.264081
21/4/2021,M19,94,-83.877901,9.263798
17/9/2021,M20,12,-83.877901,9.265165
10/8/2020,M3,56,-83.877902,9.263843
29/10/2020,M12,65,-83.877902,9.2655
4/12/2020,M15,42,-83.877902,9.265605
26/1/2021,M16,100,-83.877902,9.2636
10/8/2020,M3,63,-83.877903,9.26423
18/3/2021,M18,55,-83.877903,9.265453
4/8/2020,M1,138,-83.877905,9.264039
11/8/2020,M4,36,-83.877905,9.263635
8/9/2020,M6,3,-83.877905,9.265497
21/4/2021,M19,113,-83.877905,9.263495
10/8/2020,M3,49,-83.877906,9.265635
11/8/2020,M4,67,-83.877906,9.265462
14/9/2020,M8,20,-83.877906,9.265498
18/3/2021,M18,43,-83.877906,9.263532
17/9/2021,M20,54,-83.877907,9.263973
8/9/2020,M6,59,-83.877908,9.263526
12/9/2020,M7,51,-83.877908,9.264238
29/10/2020,M12,63,-83.877909,9.265631
25/11/2020,M13,30,-83.877909,9.264062
4/8/2020,M1,37,-83.87791,9.265109
12/9/2020,M7,56,-83.877911,9.264035
25/11/2020,M13,33,-83.877911,9.264122
14/9/2020,M8,40,-83.877912,9.264077
12/9/2020,M7,62,-83.877913,9.263591
21/4/2021,M19,85,-83.877913,9.264115
8/9/2020,M6,57,-83.877914,9.26362
14/9/2020,M8,54,-83.877914,9.263566
26/1/2021,M16,40,-83.877914,9.264127
18/3/2021,M18,44,-83.877914,9.263642
21/4/2021,M19,115,-83.877914,9.263564
7/8/2020,M2,39,-83.877915,9.26414
14/9/2020,M8,53,-83.877915,9.263638
21/4/2021,M19,89,-83.877915,9.264027
8/9/2020,M6,5,-83.877916,9.265478
22/9/2020,M11,41,-83.877916,9.263544
25/11/2020,M13,5,-83.877916,9.26548
18/3/2021,M18,53,-83.877917,9.26568
4/8/2020,M1,108,-83.877918,9.263933
19/9/2020,M10,64,-83.877918,9.264058
25/11/2020,M13,57,-83.877918,9.263575
10/8/2020,M3,45,-83.877919,9.26561
10/8/2020,M3,47,-83.877919,9.265636
1/12/2020,M14 ,48,-83.877919,9.263723
17/9/2021,M20,2,-83.877919,9.265586
22/9/2020,M11,13,-83.87792,9.26493
26/1/2021,M16,38,-83.87792,9.264075
10/8/2020,M3,46,-83.877921,9.26562
12/9/2020,M7,24,-83.877921,9.265459
18/3/2021,M18,25,-83.877921,9.264048
18/3/2021,M18,77,-83.877921,9.264139
4/8/2020,M1,91,-83.877922,9.26373
4/8/2020,M1,136,-83.877922,9.264078
18/9/2020,M10,17,-83.877922,9.265623
29/10/2020,M12,70,-83.877922,9.265093
7/8/2020,M2,19,-83.877923,9.26412
14/9/2020,M8,46,-83.877923,9.263986
21/4/2021,M19,114,-83.877923,9.263503
25/11/2020,M13,31,-83.877925,9.264137
17/9/2021,M20,53,-83.877925,9.264013
4/8/2020,M1,88,-83.877926,9.263568
26/1/2021,M16,57,-83.877926,9.265667
21/4/2021,M19,95,-83.877926,9.263798
7/8/2020,M2,22,-83.877928,9.263861
15/3/2021,M17,29,-83.877928,9.265599
8/9/2020,M6,52,-83.877929,9.264088
11/8/2020,M4,33,-83.87793,9.264071
4/12/2020,M15,32,-83.87793,9.263973
26/1/2021,M16,42,-83.87793,9.263809
16/9/2020,M9,28,-83.877931,9.264043
19/9/2020,M10,63,-83.877932,9.264079
25/11/2020,M13,11,-83.877932,9.265035
12/9/2020,M7,10,-83.877933,9.265061
22/9/2020,M11,31,-83.877934,9.264075
26/1/2021,M16,99,-83.877934,9.263566
4/8/2020,M1,38,-83.877935,9.265113
29/10/2020,M12,64,-83.877935,9.26558
18/9/2020,M10,19,-83.877936,9.265621
22/9/2020,M11,12,-83.877936,9.265052
21/4/2021,M19,93,-83.877936,9.263854
17/9/2021,M20,74,-83.877936,9.264106
26/1/2021,M16,98,-83.877937,9.263561
8/8/2020,M2,114,-83.877938,9.265693
18/9/2020,M10,18,-83.877938,9.265631
7/9/2020,M5,46,-83.877939,9.263548
7/9/2020,M5,48,-83.877939,9.265698
16/9/2020,M9,37,-83.877939,9.263689
8/8/2020,M2,70,-83.87794,9.265097
16/9/2020,M9,29,-83.87794,9.264084
22/9/2020,M11,20,-83.87794,9.265544
17/9/2021,M20,1,-83.87794,9.265641
17/9/2021,M20,37,-83.87794,9.263558
7/9/2020,M5,67,-83.877942,9.265027
12/9/2020,M7,57,-83.877942,9.26414
19/9/2020,M10,66,-83.877942,9.264173
22/9/2020,M11,18,-83.877942,9.265638
28/10/2020,M12,39,-83.877942,9.263973
7/8/2020,M2,44,-83.877943,9.263731
25/11/2020,M13,29,-83.877943,9.264107
21/4/2021,M19,117,-83.877943,9.263718
17/9/2021,M20,40,-83.877943,9.263458
7/9/2020,M5,24,-83.877944,9.264216
18/9/2020,M10,16,-83.877944,9.265574
2/12/2020,M14 ,64,-83.877944,9.265037
12/9/2020,M7,23,-83.877945,9.265571
18/3/2021,M18,33,-83.877945,9.263612
21/4/2021,M19,111,-83.877945,9.263424
7/8/2020,M2,17,-83.877946,9.264086
8/9/2020,M6,53,-83.877946,9.263867
12/9/2020,M7,63,-83.877946,9.263623
29/10/2020,M12,45,-83.877946,9.263651
4/12/2020,M15,40,-83.877946,9.265593
21/4/2021,M19,91,-83.877946,9.263909
11/8/2020,M4,32,-83.877947,9.2641
14/9/2020,M8,12,-83.877947,9.265154
26/1/2021,M16,55,-83.877947,9.265466
21/4/2021,M19,56,-83.877947,9.265174
17/9/2021,M20,13,-83.877947,9.265077
25/11/2020,M13,60,-83.877948,9.26346
21/4/2021,M19,92,-83.877948,9.26396
10/8/2020,M3,34,-83.87795,9.263492
4/12/2020,M15,55,-83.877951,9.265188
4/12/2020,M15,60,-83.877951,9.264925
7/8/2020,M2,18,-83.877952,9.264114
2/12/2020,M14 ,121,-83.877953,9.263549
11/8/2020,M4,61,-83.877954,9.265601
26/1/2021,M16,67,-83.877954,9.265121
16/9/2020,M9,70,-83.877955,9.265613
25/11/2020,M13,3,-83.877955,9.265623
25/11/2020,M13,17,-83.877955,9.264969
4/8/2020,M1,36,-83.877956,9.265093
7/9/2020,M5,40,-83.877956,9.2635
19/9/2020,M10,62,-83.877956,9.264163
4/12/2020,M15,39,-83.877956,9.265616
26/1/2021,M16,68,-83.877956,9.26523
8/9/2020,M6,55,-83.877957,9.263788
2/12/2020,M14 ,51,-83.877957,9.265579
15/3/2021,M17,30,-83.877957,9.265599
22/9/2020,M11,19,-83.877958,9.26556
4/8/2020,M1,89,-83.877959,9.263589
12/9/2020,M7,26,-83.877959,9.265418
1/12/2020,M14 ,45,-83.877959,9.264114
4/12/2020,M15,57,-83.877959,9.265016
17/9/2021,M20,63,-83.877959,9.264157
4/8/2020,M1,86,-83.87796,9.263573
2/12/2020,M14 ,68,-83.87796,9.265062
19/9/2020,M10,71,-83.877961,9.263485
22/9/2020,M11,40,-83.877961,9.263493
29/10/2020,M12,55,-83.877961,9.263502
4/12/2020,M15,54,-83.877961,9.265079
12/9/2020,M7,13,-83.877962,9.265035
16/9/2020,M9,27,-83.877962,9.264108
4/12/2020,M15,59,-83.877962,9.264873
18/3/2021,M18,42,-83.877962,9.263446
4/8/2020,M1,85,-83.877963,9.26356
11/8/2020,M4,15,-83.877963,9.265062
14/9/2020,M8,13,-83.877963,9.264989
2/12/2020,M14 ,52,-83.877963,9.265553
4/12/2020,M15,38,-83.877963,9.26564
17/9/2021,M20,57,-83.877963,9.263925
16/9/2020,M9,43,-83.877964,9.263537
2/12/2020,M14 ,122,-83.877964,9.263541
17/9/2021,M20,39,-83.877964,9.263537
11/8/2020,M4,65,-83.877965,9.265508
25/11/2020,M13,58,-83.877965,9.263581
2/12/2020,M14 ,73,-83.877965,9.265028
26/1/2021,M16,43,-83.877965,9.263875
4/8/2020,M1,75,-83.877966,9.263942
10/8/2020,M3,87,-83.877967,9.265074
11/8/2020,M4,38,-83.877967,9.263744
14/9/2020,M8,11,-83.877967,9.265099
4/12/2020,M15,37,-83.877967,9.265625
18/3/2021,M18,27,-83.877967,9.263835
18/9/2020,M10,20,-83.877968,9.265588
25/11/2020,M13,100,-83.877968,9.263941
8/8/2020,M2,71,-83.877969,9.265066
12/9/2020,M7,65,-83.877969,9.263685
1/12/2020,M14 ,47,-83.877969,9.263817
26/1/2021,M16,58,-83.877969,9.265604
15/3/2021,M17,73,-83.877969,9.264309
25/11/2020,M13,99,-83.87797,9.264034
4/8/2020,M1,84,-83.877972,9.263611
7/9/2020,M5,29,-83.877972,9.263807
18/9/2020,M10,13,-83.877973,9.265082
29/10/2020,M12,62,-83.877975,9.265648
21/4/2021,M19,112,-83.877975,9.263548
4/8/2020,M1,9,-83.877976,9.26502
4/8/2020,M1,92,-83.877976,9.263688
11/8/2020,M4,40,-83.877976,9.263527
8/9/2020,M6,9,-83.877976,9.265149
10/8/2020,M3,37,-83.877977,9.263562
12/9/2020,M7,22,-83.877977,9.265593
25/11/2020,M13,101,-83.877977,9.263936
7/8/2020,M2,45,-83.877978,9.263607
25/11/2020,M13,2,-83.877978,9.265552
11/8/2020,M4,58,-83.877979,9.265596
22/9/2020,M11,42,-83.877979,9.263651
2/12/2020,M14 ,50,-83.877979,9.265695
21/4/2021,M19,66,-83.877979,9.265042
17/9/2021,M20,42,-83.877979,9.263468
18/3/2021,M18,57,-83.87798,9.265062
4/8/2020,M1,73,-83.877983,9.263935
11/8/2020,M4,37,-83.877983,9.263776
4/12/2020,M15,36,-83.877984,9.265627
8/8/2020,M2,108,-83.877985,9.264931
11/8/2020,M4,83,-83.877985,9.263438
8/9/2020,M6,58,-83.877985,9.263626
12/9/2020,M7,64,-83.877985,9.263664
7/9/2020,M5,39,-83.877987,9.263546
21/4/2021,M19,87,-83.877987,9.264039
4/8/2020,M1,74,-83.877988,9.263944
7/9/2020,M5,66,-83.877988,9.265039
12/9/2020,M7,14,-83.877988,9.265039
26/1/2021,M16,97,-83.877988,9.263622
7/9/2020,M5,54,-83.87799,9.265198
19/9/2020,M10,67,-83.87799,9.263807
2/12/2020,M14 ,66,-83.87799,9.265035
4/12/2020,M15,70,-83.87799,9.265199
4/8/2020,M1,30,-83.877991,9.265043
4/8/2020,M1,40,-83.877991,9.26503
4/12/2020,M15,56,-83.877992,9.265082
8/8/2020,M2,73,-83.877993,9.265102
18/3/2021,M18,56,-83.877993,9.265002
4/8/2020,M1,76,-83.877994,9.263952
18/3/2021,M18,41,-83.877994,9.263485
4/8/2020,M1,72,-83.877995,9.263918
11/8/2020,M4,59,-83.877995,9.265654
29/10/2020,M12,87,-83.877995,9.265094
25/11/2020,M13,12,-83.877995,9.26516
2/12/2020,M14 ,123,-83.877995,9.263643
15/3/2021,M17,31,-83.877997,9.265692
21/4/2021,M19,57,-83.877997,9.265163
4/8/2020,M1,135,-83.877998,9.263998
12/9/2020,M7,11,-83.877998,9.265146
25/11/2020,M13,14,-83.877998,9.265154
15/3/2021,M17,79,-83.877998,9.263898
15/3/2021,M17,78,-83.877999,9.263853
21/4/2021,M19,102,-83.877999,9.263525
17/9/2021,M20,41,-83.877999,9.263504
7/8/2020,M2,47,-83.878,9.26356
10/8/2020,M3,68,-83.878,9.263489
29/10/2020,M12,61,-83.878,9.265646
17/9/2021,M20,52,-83.878001,9.263827
14/9/2020,M8,5,-83.878002,9.264974
25/11/2020,M13,59,-83.878002,9.263566
11/8/2020,M4,39,-83.878003,9.263547
12/9/2020,M7,54,-83.878003,9.264382
2/12/2020,M14 ,65,-83.878003,9.265087
14/9/2020,M8,31,-83.878004,9.265665
11/8/2020,M4,41,-83.878005,9.263601
22/9/2020,M11,10,-83.878005,9.265088
29/10/2020,M12,44,-83.878005,9.26418
26/1/2021,M16,101,-83.878005,9.263664
16/9/2020,M9,39,-83.878006,9.263689
15/3/2021,M17,75,-83.878006,9.264017
26/1/2021,M16,102,-83.878007,9.263655
15/3/2021,M17,76,-83.878007,9.263975
8/9/2020,M6,62,-83.878008,9.263638
12/9/2020,M7,12,-83.878008,9.265133
19/9/2020,M10,72,-83.878008,9.263443
29/10/2020,M12,54,-83.878009,9.263694
2/12/2020,M14 ,72,-83.87801,9.264992
21/4/2021,M19,97,-83.87801,9.263713
19/9/2020,M10,69,-83.878011,9.263722
2/12/2020,M14 ,107,-83.878011,9.263785
4/8/2020,M1,8,-83.878012,9.265062
2/12/2020,M14 ,71,-83.878012,9.265015
4/12/2020,M15,41,-83.878012,9.265524
2/12/2020,M14 ,111,-83.878013,9.263573
26/1/2021,M16,66,-83.878014,9.265036
8/8/2020,M2,74,-83.878015,9.265123
11/8/2020,M4,14,-83.878015,9.265093
12/9/2020,M7,21,-83.878015,9.265676
14/9/2020,M8,55,-83.878015,9.263469
19/9/2020,M10,76,-83.878015,9.26345
4/8/2020,M1,31,-83.878017,9.265001
21/4/2021,M19,103,-83.878017,9.263496
7/9/2020,M5,44,-83.878018,9.263546
14/9/2020,M8,6,-83.878018,9.264982
15/3/2021,M17,83,-83.878018,9.263592
18/3/2021,M18,58,-83.878018,9.265174
21/4/2021,M19,98,-83.878018,9.26367
7/9/2020,M5,28,-83.878019,9.263926
7/9/2020,M5,47,-83.878019,9.265689
4/8/2020,M1,32,-83.87802,9.265038
2/12/2020,M14 ,67,-83.87802,9.265039
21/4/2021,M19,100,-83.87802,9.263593
4/8/2020,M1,29,-83.878021,9.264998
8/9/2020,M6,61,-83.878021,9.263576
26/1/2021,M16,80,-83.878021,9.263512
16/9/2020,M9,44,-83.878022,9.263525
11/8/2020,M4,60,-83.878023,9.265627
8/9/2020,M6,1,-83.878023,9.265574
14/9/2020,M8,9,-83.878023,9.265035
19/9/2020,M10,70,-83.878023,9.263505
21/4/2021,M19,50,-83.878023,9.265608
8/8/2020,M2,100,-83.878024,9.263492
8/9/2020,M6,47,-83.878024,9.264111
12/9/2020,M7,19,-83.878024,9.265645
22/9/2020,M11,6,-83.878024,9.264997
22/9/2020,M11,7,-83.878024,9.265017
29/10/2020,M12,60,-83.878024,9.265706
25/11/2020,M13,19,-83.878024,9.26504
26/1/2021,M16,79,-83.878024,9.263673
17/9/2021,M20,58,-83.878024,9.263903
7/8/2020,M2,26,-83.878025,9.263632
11/8/2020,M4,85,-83.878025,9.263504
8/9/2020,M6,48,-83.878025,9.264174
25/11/2020,M13,13,-83.878025,9.265115
21/4/2021,M19,96,-83.878025,9.263703
8/8/2020,M2,48,-83.878026,9.263769
11/8/2020,M4,84,-83.878026,9.263513
25/11/2020,M13,63,-83.878026,9.263477
17/9/2021,M20,16,-83.878026,9.264973
4/8/2020,M1,10,-83.878027,9.265552
8/8/2020,M2,99,-83.878027,9.263548
2/12/2020,M14 ,69,-83.878027,9.26508
8/8/2020,M2,101,-83.878028,9.263509
16/9/2020,M9,42,-83.878028,9.263503
10/8/2020,M3,51,-83.878029,9.265574
18/3/2021,M18,26,-83.878029,9.263832
8/8/2020,M2,69,-83.87803,9.265095
29/10/2020,M12,85,-83.87803,9.265097
8/8/2020,M2,68,-83.878031,9.264898
7/9/2020,M5,43,-83.878031,9.263562
8/8/2020,M2,67,-83.878032,9.264996
10/8/2020,M3,39,-83.878032,9.263434
12/9/2020,M7,53,-83.878032,9.264408
14/9/2020,M8,4,-83.878032,9.265
14/9/2020,M8,8,-83.878032,9.265113
11/8/2020,M4,16,-83.878033,9.265143
16/9/2020,M9,41,-83.878033,9.263632
15/3/2021,M17,80,-83.878033,9.264068
15/3/2021,M17,81,-83.878033,9.263659
21/4/2021,M19,58,-83.878033,9.265168
15/3/2021,M17,82,-83.878035,9.263659
2/12/2020,M14 ,75,-83.878036,9.264973
10/8/2020,M3,33,-83.878038,9.263529
7/9/2020,M5,41,-83.878038,9.263481
10/8/2020,M3,38,-83.878039,9.26347
25/11/2020,M13,16,-83.878039,9.265024
7/9/2020,M5,38,-83.87804,9.263632
14/9/2020,M8,14,-83.87804,9.26509
12/9/2020,M7,20,-83.878041,9.265636
15/3/2021,M17,77,-83.878041,9.263948
21/4/2021,M19,101,-83.878041,9.26364
29/10/2020,M12,84,-83.878042,9.265052
4/12/2020,M15,58,-83.878042,9.265076
4/8/2020,M1,101,-83.878043,9.265133
29/10/2020,M12,86,-83.878043,9.265072
25/11/2020,M13,64,-83.878043,9.263479
2/12/2020,M14 ,70,-83.878043,9.265024
4/12/2020,M15,35,-83.878043,9.265657
29/10/2020,M12,72,-83.878044,9.265096
8/8/2020,M2,50,-83.878045,9.263575
14/9/2020,M8,56,-83.878045,9.263464
15/3/2021,M17,84,-83.878045,9.263565
8/8/2020,M2,75,-83.878048,9.265197
14/9/2020,M8,10,-83.878048,9.265051
16/9/2020,M9,61,-83.878048,9.265124
2/12/2020,M14 ,74,-83.878048,9.264904
4/12/2020,M15,69,-83.878048,9.265203
11/8/2020,M4,86,-83.878049,9.263547
12/9/2020,M7,67,-83.878049,9.263456
22/9/2020,M11,9,-83.878049,9.265148
25/11/2020,M13,18,-83.878049,9.264947
11/8/2020,M4,79,-83.87805,9.264078
29/10/2020,M12,57,-83.87805,9.263427
1/12/2020,M14 ,46,-83.87805,9.263871
8/8/2020,M2,66,-83.878051,9.265038
7/9/2020,M5,69,-83.878051,9.265036
16/9/2020,M9,59,-83.878051,9.265039
22/9/2020,M11,11,-83.878051,9.265072
17/9/2021,M20,51,-83.878051,9.263464
8/8/2020,M2,98,-83.878053,9.263706
29/10/2020,M12,73,-83.878053,9.2651
29/10/2020,M12,89,-83.878053,9.265042
21/4/2021,M19,99,-83.878053,9.26367
2/12/2020,M14 ,108,-83.878054,9.263698
17/9/2021,M20,14,-83.878054,9.264978
2/12/2020,M14 ,110,-83.878055,9.263633
12/9/2020,M7,52,-83.878056,9.264239
16/9/2020,M9,58,-83.878056,9.265027
15/3/2021,M17,85,-83.878056,9.263518
15/3/2021,M17,86,-83.878056,9.263519
21/4/2021,M19,67,-83.878056,9.265065
11/8/2020,M4,82,-83.878059,9.263573
2/12/2020,M14 ,109,-83.878059,9.263655
8/9/2020,M6,10,-83.87806,9.265115
29/10/2020,M12,88,-83.878061,9.264986
10/8/2020,M3,88,-83.878062,9.264973
11/8/2020,M4,19,-83.878062,9.264987
4/8/2020,M1,35,-83.878063,9.265072
4/8/2020,M1,11,-83.878064,9.26516
7/9/2020,M5,68,-83.878064,9.265012
12/9/2020,M7,66,-83.878064,9.263715
25/11/2020,M13,61,-83.878064,9.26347
16/9/2020,M9,40,-83.878065,9.263597
4/12/2020,M15,61,-83.878065,9.264932
26/1/2021,M16,69,-83.878065,9.265171
10/8/2020,M3,86,-83.878066,9.265238
11/8/2020,M4,20,-83.878066,9.265269
4/12/2020,M15,34,-83.878066,9.265853
25/11/2020,M13,20,-83.878067,9.265051
18/3/2021,M18,62,-83.878069,9.265162
16/9/2020,M9,60,-83.87807,9.265079
7/9/2020,M5,55,-83.878072,9.265223
12/9/2020,M7,15,-83.878072,9.265132
4/8/2020,M1,33,-83.878073,9.265051
19/9/2020,M10,73,-83.878074,9.263464
4/12/2020,M15,68,-83.878074,9.265135
21/4/2021,M19,59,-83.878074,9.265115
14/9/2020,M8,3,-83.878076,9.265014
2/12/2020,M14 ,113,-83.878076,9.263399
18/3/2021,M18,63,-83.878076,9.265157
12/9/2020,M7,9,-83.878077,9.265094
14/9/2020,M8,7,-83.878077,9.26513
21/4/2021,M19,60,-83.878077,9.265269
15/3/2021,M17,24,-83.878078,9.265214
10/8/2020,M3,73,-83.878079,9.263362
2/12/2020,M14 ,78,-83.878079,9.265056
18/3/2021,M18,60,-83.878079,9.265038
8/8/2020,M2,107,-83.878081,9.264857
12/9/2020,M7,6,-83.878082,9.264995
18/9/2020,M10,11,-83.878082,9.265018
22/9/2020,M11,8,-83.878082,9.265059
18/3/2021,M18,59,-83.878082,9.265106
18/3/2021,M18,61,-83.878082,9.265075
7/9/2020,M5,62,-83.878083,9.265067
7/9/2020,M5,64,-83.878083,9.26505
14/9/2020,M8,2,-83.878083,9.26507
4/8/2020,M1,83,-83.878084,9.263552
14/9/2020,M8,15,-83.878084,9.2651
7/9/2020,M5,42,-83.878085,9.263516
25/11/2020,M13,21,-83.878085,9.265029
4/12/2020,M15,65,-83.878086,9.264991
25/11/2020,M13,22,-83.878087,9.265012
2/12/2020,M14 ,77,-83.878087,9.265035
4/8/2020,M1,41,-83.878089,9.264977
8/9/2020,M6,16,-83.878089,9.264959
2/12/2020,M14 ,112,-83.878089,9.263486
17/9/2021,M20,44,-83.878089,9.263357
7/9/2020,M5,61,-83.87809,9.2651
18/9/2020,M10,10,-83.878091,9.265036
10/8/2020,M3,89,-83.878092,9.265021
2/12/2020,M14 ,76,-83.878093,9.264966
7/9/2020,M5,65,-83.878094,9.265058
15/3/2021,M17,74,-83.878094,9.264461
18/3/2021,M18,72,-83.878094,9.265146
12/9/2020,M7,8,-83.878095,9.265094
10/8/2020,M3,90,-83.878096,9.265054
12/9/2020,M7,50,-83.878096,9.26436
16/9/2020,M9,56,-83.878097,9.264955
4/12/2020,M15,66,-83.878097,9.265051
18/3/2021,M18,65,-83.878097,9.265116
17/9/2021,M20,15,-83.878097,9.265005
21/4/2021,M19,104,-83.878098,9.263412
29/10/2020,M12,74,-83.8781,9.265234
26/1/2021,M16,81,-83.8781,9.26354
21/4/2021,M19,68,-83.8781,9.265007
8/9/2020,M6,11,-83.878101,9.265165
22/9/2020,M11,47,-83.878102,9.262879
18/3/2021,M18,64,-83.878102,9.265116
18/9/2020,M10,12,-83.878104,9.264953
14/9/2020,M8,22,-83.878105,9.265211
21/4/2021,M19,65,-83.878105,9.265126
21/4/2021,M19,110,-83.878105,9.263358
17/9/2021,M20,48,-83.878105,9.262851
15/3/2021,M17,89,-83.878107,9.263364
8/8/2020,M2,102,-83.878108,9.263485
11/8/2020,M4,87,-83.878109,9.263466
4/12/2020,M15,62,-83.878109,9.265005
4/12/2020,M15,63,-83.878109,9.26495
8/8/2020,M2,51,-83.87811,9.263386
25/11/2020,M13,15,-83.87811,9.265196
21/4/2021,M19,105,-83.87811,9.263383
17/9/2021,M20,50,-83.87811,9.262878
15/3/2021,M17,88,-83.878112,9.263544
8/8/2020,M2,49,-83.878113,9.263724
29/10/2020,M12,90,-83.878113,9.265041
18/9/2020,M10,9,-83.878118,9.265197
26/1/2021,M16,83,-83.878118,9.263422
26/1/2021,M16,96,-83.878118,9.2635
17/9/2021,M20,43,-83.878119,9.263391
12/9/2020,M7,7,-83.87812,9.265035
18/3/2021,M18,73,-83.87812,9.265032
8/8/2020,M2,55,-83.878122,9.262878
8/9/2020,M6,63,-83.878122,9.263576
12/9/2020,M7,70,-83.878122,9.263383
22/9/2020,M11,1,-83.878124,9.265051
10/8/2020,M3,74,-83.878125,9.262797
4/12/2020,M15,67,-83.878125,9.265138
4/8/2020,M1,81,-83.878126,9.263499
14/9/2020,M8,23,-83.878127,9.265132
22/9/2020,M11,48,-83.878127,9.262889
29/10/2020,M12,75,-83.878128,9.265177
17/9/2021,M20,49,-83.878128,9.26285
29/10/2020,M12,56,-83.878129,9.263572
26/1/2021,M16,84,-83.878129,9.263447
10/8/2020,M3,71,-83.87813,9.263438
12/9/2020,M7,16,-83.87813,9.26503
26/1/2021,M16,82,-83.87813,9.263413
10/8/2020,M3,72,-83.878132,9.263426
7/9/2020,M5,56,-83.878132,9.265152
22/9/2020,M11,43,-83.878132,9.26343
4/8/2020,M1,82,-83.878133,9.263472
10/8/2020,M3,70,-83.878134,9.263446
2/12/2020,M14 ,119,-83.878134,9.26286
7/9/2020,M5,57,-83.878138,9.265084
12/9/2020,M7,68,-83.878138,9.263412
29/10/2020,M12,77,-83.878138,9.265202
18/3/2021,M18,66,-83.878138,9.26516
22/9/2020,M11,4,-83.878139,9.265114
7/9/2020,M5,63,-83.87814,9.265057
25/11/2020,M13,23,-83.87814,9.265061
8/8/2020,M2,106,-83.878143,9.262804
12/9/2020,M7,5,-83.878143,9.265011
25/11/2020,M13,62,-83.878143,9.263548
2/12/2020,M14 ,85,-83.878143,9.265123
18/3/2021,M18,38,-83.878144,9.26291
8/9/2020,M6,15,-83.878145,9.264968
10/8/2020,M3,67,-83.878146,9.264228
2/12/2020,M14 ,114,-83.878146,9.263407
4/12/2020,M15,93,-83.878146,9.26492
15/3/2021,M17,90,-83.878148,9.263408
26/1/2021,M16,70,-83.878149,9.264989
18/3/2021,M18,39,-83.878149,9.262855
19/9/2020,M10,77,-83.87815,9.26346
29/10/2020,M12,76,-83.87815,9.265108
4/12/2020,M15,64,-83.87815,9.26498
19/9/2020,M10,74,-83.878151,9.263501
8/9/2020,M6,64,-83.878152,9.263465
8/8/2020,M2,65,-83.878153,9.265057
12/9/2020,M7,71,-83.878153,9.263399
16/9/2020,M9,45,-83.878153,9.26343
16/9/2020,M9,57,-83.878153,9.26504
19/9/2020,M10,80,-83.878154,9.262874
4/12/2020,M15,78,-83.878154,9.265151
17/9/2021,M20,47,-83.878154,9.262865
12/9/2020,M7,76,-83.878155,9.262895
18/9/2020,M10,5,-83.878155,9.265121
4/8/2020,M1,34,-83.878159,9.265075
2/12/2020,M14 ,79,-83.878159,9.265197
21/4/2021,M19,62,-83.878159,9.265242
8/8/2020,M2,52,-83.87816,9.263462
10/8/2020,M3,83,-83.87816,9.265133
2/12/2020,M14 ,80,-83.87816,9.265242
18/3/2021,M18,40,-83.878161,9.26285
25/11/2020,M13,67,-83.878162,9.262792
10/8/2020,M3,85,-83.878163,9.265149
8/8/2020,M2,56,-83.878164,9.262842
19/9/2020,M10,75,-83.878164,9.263511
22/9/2020,M11,3,-83.878164,9.265046
4/12/2020,M15,77,-83.878164,9.265113
25/11/2020,M13,68,-83.878165,9.262807
16/9/2020,M9,53,-83.878166,9.265149
25/11/2020,M13,24,-83.878166,9.265104
4/12/2020,M15,73,-83.878166,9.265366
4/12/2020,M15,76,-83.878166,9.265111
4/8/2020,M1,79,-83.878167,9.263313
14/9/2020,M8,59,-83.878169,9.262902
18/3/2021,M18,67,-83.878169,9.265227
21/4/2021,M19,69,-83.878171,9.265026
4/8/2020,M1,42,-83.878172,9.265113
18/9/2020,M10,4,-83.878172,9.265058
16/9/2020,M9,46,-83.878173,9.263513
4/8/2020,M1,78,-83.878174,9.262917
26/1/2021,M16,59,-83.878174,9.265244
26/1/2021,M16,93,-83.878174,9.263029
21/4/2021,M19,34,-83.878174,9.262912
21/4/2021,M19,61,-83.878174,9.265202
14/9/2020,M8,24,-83.878175,9.265106
2/12/2020,M14 ,83,-83.878175,9.265093
18/3/2021,M18,69,-83.878175,9.265169
22/9/2020,M11,5,-83.878178,9.265051
4/12/2020,M15,79,-83.878178,9.26517
15/3/2021,M17,95,-83.878178,9.26309
4/8/2020,M1,77,-83.878179,9.262907
14/9/2020,M8,27,-83.878179,9.265157
19/9/2020,M10,78,-83.878181,9.263414
29/10/2020,M12,92,-83.878181,9.265148
26/1/2021,M16,61,-83.878181,9.265141
14/9/2020,M8,57,-83.878182,9.263361
18/9/2020,M10,2,-83.878185,9.265056
22/9/2020,M11,44,-83.878185,9.263466
8/8/2020,M2,57,-83.878186,9.262821
10/8/2020,M3,92,-83.878186,9.264992
4/12/2020,M15,72,-83.878186,9.265276
8/9/2020,M6,13,-83.878187,9.265131
12/9/2020,M7,69,-83.878187,9.263434
2/12/2020,M14 ,120,-83.878187,9.262854
10/8/2020,M3,91,-83.878188,9.265069
15/3/2021,M17,20,-83.878188,9.265049
18/9/2020,M10,6,-83.878189,9.265098
26/1/2021,M16,65,-83.878191,9.265111
18/3/2021,M18,68,-83.878191,9.265233
18/3/2021,M18,74,-83.878191,9.26499
18/9/2020,M10,3,-83.878193,9.265027
26/1/2021,M16,63,-83.878193,9.265028
8/9/2020,M6,65,-83.878194,9.263512
4/12/2020,M15,71,-83.878194,9.265217
11/8/2020,M4,9,-83.878195,9.26516
11/8/2020,M4,7,-83.878196,9.265245
2/12/2020,M14 ,84,-83.878196,9.265098
14/9/2020,M8,29,-83.878197,9.265288
15/3/2021,M17,21,-83.878197,9.265267
4/12/2020,M15,75,-83.878198,9.265106
29/10/2020,M12,58,-83.878199,9.263368
15/3/2021,M17,19,-83.878199,9.265095
8/8/2020,M2,103,-83.878201,9.263462
18/3/2021,M18,71,-83.878202,9.265242
8/8/2020,M2,64,-83.878203,9.265039
18/3/2021,M18,34,-83.878203,9.263369
21/4/2021,M19,70,-83.878203,9.265114
25/11/2020,M13,25,-83.878204,9.265088
26/1/2021,M16,64,-83.878204,9.265071
15/3/2021,M17,94,-83.878204,9.26286
22/9/2020,M11,2,-83.878205,9.265071
2/12/2020,M14 ,81,-83.878205,9.265149
16/9/2020,M9,52,-83.878207,9.265108
10/8/2020,M3,69,-83.878208,9.263546
11/8/2020,M4,89,-83.878208,9.262881
22/9/2020,M11,21,-83.878208,9.265354
18/3/2021,M18,37,-83.878208,9.262949
26/1/2021,M16,85,-83.878211,9.263415
16/9/2020,M9,54,-83.878212,9.265212
7/9/2020,M5,45,-83.878213,9.263342
12/9/2020,M7,72,-83.878213,9.263423
29/10/2020,M12,83,-83.878213,9.265096
17/9/2021,M20,84,-83.878213,9.265384
22/9/2020,M11,46,-83.878214,9.263269
29/10/2020,M12,82,-83.878214,9.265146
11/8/2020,M4,10,-83.878215,9.265056
15/3/2021,M17,17,-83.878215,9.264927
21/4/2021,M19,33,-83.878215,9.26291
10/8/2020,M3,81,-83.878216,9.265181
10/8/2020,M3,84,-83.878216,9.265127
12/9/2020,M7,74,-83.878216,9.263301
14/9/2020,M8,28,-83.878216,9.265164
29/10/2020,M12,78,-83.878216,9.265181
4/12/2020,M15,33,-83.878216,9.265854
21/4/2021,M19,1,-83.878216,9.26534
4/12/2020,M15,80,-83.878217,9.265067
26/1/2021,M16,95,-83.878218,9.263428
8/9/2020,M6,23,-83.878219,9.265276
29/10/2020,M12,91,-83.878219,9.26505
21/4/2021,M19,109,-83.87822,9.263327
4/8/2020,M1,45,-83.878221,9.265196
4/12/2020,M15,88,-83.878221,9.264949
21/4/2021,M19,63,-83.878221,9.265266
16/9/2020,M9,55,-83.878222,9.265228
29/10/2020,M12,81,-83.878222,9.265159
2/12/2020,M14 ,115,-83.878222,9.263424
11/8/2020,M4,8,-83.878223,9.265225
8/8/2020,M2,77,-83.878225,9.265154
8/9/2020,M6,12,-83.878225,9.265074
8/8/2020,M2,60,-83.878226,9.264683
8/8/2020,M2,76,-83.878226,9.265074
11/8/2020,M4,12,-83.878226,9.265101
11/8/2020,M4,57,-83.878226,9.265659
21/4/2021,M19,73,-83.878226,9.265226
8/8/2020,M2,78,-83.878227,9.265165
12/9/2020,M7,75,-83.878228,9.263281
18/3/2021,M18,36,-83.878228,9.262959
8/8/2020,M2,81,-83.878231,9.26507
8/9/2020,M6,14,-83.878231,9.26502
26/1/2021,M16,94,-83.878231,9.263434
8/8/2020,M2,120,-83.878232,9.265412
14/9/2020,M8,26,-83.878232,9.265216
21/4/2021,M19,74,-83.878232,9.265007
15/3/2021,M17,23,-83.878233,9.265178
15/3/2021,M17,93,-83.878234,9.26334
18/9/2020,M10,7,-83.878235,9.265109
19/9/2020,M10,79,-83.878236,9.26328
17/9/2021,M20,17,-83.878236,9.265158
12/9/2020,M7,18,-83.878237,9.265027
26/1/2021,M16,86,-83.878237,9.263458
2/12/2020,M14 ,82,-83.878238,9.265121
18/3/2021,M18,8,-83.878238,9.26528
4/8/2020,M1,43,-83.878239,9.265275
8/9/2020,M6,21,-83.878239,9.265159
12/9/2020,M7,17,-83.878239,9.265026
8/8/2020,M2,79,-83.87824,9.265115
8/9/2020,M6,68,-83.87824,9.263322
14/9/2020,M8,58,-83.87824,9.263265
4/8/2020,M1,50,-83.878242,9.265604
8/8/2020,M2,82,-83.878242,9.265031
11/8/2020,M4,4,-83.878242,9.265177
2/12/2020,M14 ,91,-83.878242,9.265396
10/8/2020,M3,82,-83.878243,9.265136
14/9/2020,M8,33,-83.878243,9.265258
21/4/2021,M19,108,-83.878243,9.263226
17/9/2021,M20,85,-83.878243,9.265357
4/8/2020,M1,44,-83.878244,9.265256
10/8/2020,M3,80,-83.878244,9.265373
11/8/2020,M4,21,-83.878244,9.265282
12/9/2020,M7,73,-83.878244,9.263397
18/3/2021,M18,35,-83.878244,9.26342
17/9/2021,M20,46,-83.878244,9.263229
7/9/2020,M5,58,-83.878245,9.265118
14/9/2020,M8,25,-83.878245,9.265069
4/8/2020,M1,102,-83.878246,9.264752
8/8/2020,M2,83,-83.878246,9.265064
7/9/2020,M5,71,-83.878246,9.265418
11/8/2020,M4,11,-83.878247,9.265058
21/4/2021,M19,2,-83.878247,9.265368
4/8/2020,M1,80,-83.878248,9.263338
11/8/2020,M4,28,-83.878248,9.265387
25/11/2020,M13,65,-83.878248,9.263268
8/8/2020,M2,58,-83.878249,9.262837
29/10/2020,M12,80,-83.878249,9.26511
26/1/2021,M16,60,-83.878249,9.265266
11/8/2020,M4,5,-83.87825,9.265205
8/9/2020,M6,19,-83.878251,9.265162
25/11/2020,M13,26,-83.878251,9.265191
11/8/2020,M4,56,-83.878252,9.265584
26/1/2021,M16,62,-83.878252,9.265036
4/8/2020,M1,54,-83.878253,9.265373
14/9/2020,M8,30,-83.878253,9.265618
21/4/2021,M19,30,-83.878253,9.264869
16/9/2020,M9,47,-83.878254,9.263484
29/10/2020,M12,95,-83.878254,9.265398
17/9/2021,M20,19,-83.878254,9.265133
8/9/2020,M6,22,-83.878255,9.265184
11/8/2020,M4,6,-83.878256,9.265205
8/9/2020,M6,24,-83.878256,9.265417
11/8/2020,M4,3,-83.878257,9.265123
21/4/2021,M19,75,-83.878257,9.264985
25/11/2020,M13,69,-83.878258,9.26542
21/4/2021,M19,64,-83.878258,9.265265
4/8/2020,M1,46,-83.87826,9.265191
8/9/2020,M6,20,-83.87826,9.265148
8/9/2020,M6,67,-83.87826,9.263324
29/10/2020,M12,93,-83.87826,9.265428
2/12/2020,M14 ,86,-83.878262,9.264999
21/4/2021,M19,107,-83.878262,9.263242
4/8/2020,M1,49,-83.878263,9.265129
8/8/2020,M2,85,-83.878263,9.265161
8/8/2020,M2,80,-83.878264,9.26507
18/3/2021,M18,70,-83.878264,9.26515
17/9/2021,M20,18,-83.878264,9.265205
21/4/2021,M19,3,-83.878265,9.265384
8/9/2020,M6,25,-83.878266,9.265363
26/1/2021,M16,89,-83.878266,9.263308
26/1/2021,M16,90,-83.878266,9.263309
15/3/2021,M17,22,-83.878266,9.265242
18/9/2020,M10,24,-83.878267,9.265294
26/1/2021,M16,91,-83.878268,9.263305
2/12/2020,M14 ,116,-83.878269,9.263316
22/9/2020,M11,24,-83.878272,9.265271
2/12/2020,M14 ,93,-83.878274,9.265355
4/12/2020,M15,74,-83.878274,9.265179
8/8/2020,M2,59,-83.878275,9.264702
8/9/2020,M6,26,-83.878275,9.265402
18/9/2020,M10,1,-83.878275,9.265116
18/9/2020,M10,23,-83.878275,9.265247
25/11/2020,M13,78,-83.878275,9.265325
21/4/2021,M19,32,-83.878275,9.264759
4/8/2020,M1,47,-83.878277,9.265176
25/11/2020,M13,70,-83.878277,9.265438
8/8/2020,M2,96,-83.878278,9.265333
11/8/2020,M4,2,-83.878278,9.265187
11/8/2020,M4,88,-83.878278,9.263322
8/9/2020,M6,66,-83.878278,9.263433
21/4/2021,M19,106,-83.878278,9.263357
4/8/2020,M1,51,-83.878279,9.265463
12/9/2020,M7,3,-83.878279,9.264691
16/9/2020,M9,51,-83.878279,9.265118
2/12/2020,M14 ,87,-83.878279,9.264933
21/4/2021,M19,17,-83.878279,9.265277
4/8/2020,M1,48,-83.87828,9.265188
29/10/2020,M12,79,-83.87828,9.265241
2/12/2020,M14 ,90,-83.87828,9.265383
7/9/2020,M5,60,-83.878281,9.265154
4/8/2020,M1,12,-83.878282,9.264688
14/9/2020,M8,32,-83.878282,9.265325
4/12/2020,M15,87,-83.878282,9.264949
4/8/2020,M1,13,-83.878283,9.26475
25/11/2020,M13,79,-83.878283,9.265273
18/3/2021,M18,75,-83.878283,9.264718
8/8/2020,M2,115,-83.878284,9.265308
2/12/2020,M14 ,94,-83.878284,9.265281
11/8/2020,M4,29,-83.878285,9.265385
8/9/2020,M6,28,-83.878285,9.265354
2/12/2020,M14 ,92,-83.878285,9.265395
21/4/2021,M19,13,-83.878285,9.265317
17/9/2021,M20,22,-83.878285,9.26547
4/8/2020,M1,52,-83.878286,9.265465
26/1/2021,M16,77,-83.878286,9.265379
15/3/2021,M17,92,-83.878286,9.263375
8/8/2020,M2,62,-83.878287,9.265041
11/8/2020,M4,1,-83.878287,9.265161
8/9/2020,M6,18,-83.878287,9.265125
15/3/2021,M17,87,-83.878287,9.263521
17/9/2021,M20,27,-83.878288,9.265344
8/8/2020,M2,63,-83.878289,9.265055
10/8/2020,M3,93,-83.878289,9.264668
18/3/2021,M18,76,-83.878289,9.265109
21/4/2021,M19,14,-83.878289,9.265372
4/8/2020,M1,53,-83.87829,9.265399
18/9/2020,M10,22,-83.87829,9.265246
18/9/2020,M10,8,-83.878291,9.265174
29/10/2020,M12,94,-83.878291,9.265435
8/8/2020,M2,54,-83.878292,9.263285
18/9/2020,M10,21,-83.878292,9.265384
26/1/2021,M16,88,-83.878292,9.263348
17/9/2021,M20,21,-83.878293,9.265091
22/9/2020,M11,45,-83.878294,9.263424
8/8/2020,M2,84,-83.878295,9.265169
18/9/2020,M10,25,-83.878295,9.265311
8/8/2020,M2,53,-83.878296,9.263402
8/8/2020,M2,97,-83.878296,9.265336
4/12/2020,M15,84,-83.878296,9.264958
29/10/2020,M12,107,-83.878297,9.264677
8/8/2020,M2,116,-83.878298,9.265279
25/11/2020,M13,77,-83.878298,9.26526
16/9/2020,M9,71,-83.8783,9.265311
2/12/2020,M14 ,117,-83.8783,9.263295
4/12/2020,M15,86,-83.8783,9.264946
15/3/2021,M17,18,-83.8783,9.265069
26/1/2021,M16,87,-83.878301,9.263347
25/11/2020,M13,74,-83.878302,9.26539
29/10/2020,M12,96,-83.878303,9.265315
26/1/2021,M16,78,-83.878303,9.265307
12/9/2020,M7,30,-83.878304,9.265305
21/4/2021,M19,72,-83.878304,9.265186
12/9/2020,M7,31,-83.878305,9.26531
16/9/2020,M9,48,-83.878305,9.26511
22/9/2020,M11,22,-83.878305,9.265292
4/12/2020,M15,85,-83.878305,9.26488
12/9/2020,M7,2,-83.878306,9.26469
16/9/2020,M9,49,-83.878306,9.265121
15/3/2021,M17,91,-83.878306,9.26345
4/8/2020,M1,55,-83.878307,9.265312
8/9/2020,M6,17,-83.878307,9.265076
8/9/2020,M6,30,-83.878307,9.265229
12/9/2020,M7,29,-83.878307,9.265315
21/4/2021,M19,15,-83.878307,9.265183
4/8/2020,M1,58,-83.878308,9.265313
29/10/2020,M12,59,-83.87831,9.263389
26/1/2021,M16,73,-83.87831,9.26471
17/9/2021,M20,23,-83.87831,9.265269
8/9/2020,M6,27,-83.878311,9.265357
22/9/2020,M11,25,-83.878311,9.265276
21/4/2021,M19,71,-83.878311,9.265065
8/8/2020,M2,61,-83.878312,9.264903
2/12/2020,M14 ,88,-83.878312,9.264867
26/1/2021,M16,127,-83.878312,9.265378
17/9/2021,M20,71,-83.878312,9.26469
12/9/2020,M7,27,-83.878313,9.265453
4/8/2020,M1,71,-83.878314,9.265216
8/8/2020,M2,105,-83.878316,9.263338
11/8/2020,M4,13,-83.878316,9.265096
12/9/2020,M7,28,-83.878316,9.26533
4/12/2020,M15,82,-83.878316,9.26501
22/9/2020,M11,23,-83.878317,9.265297
2/12/2020,M14 ,118,-83.878318,9.263298
4/12/2020,M15,89,-83.878318,9.264674
15/3/2021,M17,11,-83.878318,9.265291
25/11/2020,M13,66,-83.87832,9.2633
4/12/2020,M15,83,-83.87832,9.264962
21/4/2021,M19,16,-83.87832,9.265227
4/12/2020,M15,90,-83.878322,9.264682
8/9/2020,M6,31,-83.878323,9.265198
14/9/2020,M8,1,-83.878324,9.26446
4/12/2020,M15,91,-83.878324,9.264695
18/3/2021,M18,7,-83.878324,9.265315
25/11/2020,M13,72,-83.878325,9.26537
4/8/2020,M1,70,-83.878326,9.265182
7/9/2020,M5,72,-83.878326,9.265382
7/9/2020,M5,59,-83.878327,9.26513
8/9/2020,M6,29,-83.878327,9.265314
25/11/2020,M13,73,-83.878327,9.265381
4/12/2020,M15,81,-83.878327,9.26506
25/11/2020,M13,81,-83.878328,9.265268
7/9/2020,M5,70,-83.87833,9.265173
25/11/2020,M13,28,-83.878331,9.264749
25/11/2020,M13,76,-83.878331,9.265293
21/4/2021,M19,12,-83.878332,9.265282
21/4/2021,M19,31,-83.878333,9.264683
17/9/2021,M20,20,-83.878334,9.264752
8/8/2020,M2,104,-83.878335,9.263359
17/9/2021,M20,24,-83.878335,9.265372
15/3/2021,M17,12,-83.878336,9.265333
17/9/2021,M20,25,-83.878336,9.265391
4/8/2020,M1,57,-83.878337,9.265306
4/8/2020,M1,56,-83.878339,9.265278
7/9/2020,M5,73,-83.878339,9.265355
25/11/2020,M13,80,-83.878341,9.265282
17/9/2021,M20,45,-83.878341,9.263241
16/9/2020,M9,50,-83.878343,9.265131
17/9/2021,M20,72,-83.878344,9.26471
11/8/2020,M4,23,-83.878345,9.264697
8/9/2020,M6,32,-83.878345,9.26535
25/11/2020,M13,82,-83.878345,9.265242
4/12/2020,M15,92,-83.878345,9.264722
12/9/2020,M7,32,-83.878347,9.265288
8/8/2020,M2,95,-83.878348,9.26527
8/8/2020,M2,119,-83.878351,9.265311
26/1/2021,M16,76,-83.878351,9.264643
25/11/2020,M13,27,-83.878352,9.26492
16/9/2020,M9,72,-83.878355,9.26533
11/8/2020,M4,22,-83.878356,9.264808
25/11/2020,M13,75,-83.878356,9.265381
26/1/2021,M16,72,-83.878356,9.264694
2/12/2020,M14 ,89,-83.878358,9.265065
22/9/2020,M11,26,-83.878359,9.265273
21/4/2021,M19,11,-83.87836,9.265377
21/4/2021,M19,76,-83.878364,9.264908
10/8/2020,M3,79,-83.878366,9.265309
8/9/2020,M6,33,-83.878367,9.265377
4/8/2020,M1,62,-83.878368,9.265375
26/1/2021,M16,75,-83.878369,9.264631
26/1/2021,M16,92,-83.878374,9.263296
21/4/2021,M19,4,-83.878374,9.265437
26/1/2021,M16,71,-83.878377,9.264729
26/1/2021,M16,74,-83.878378,9.26462
16/9/2020,M9,73,-83.878381,9.265285
15/3/2021,M17,15,-83.878381,9.264719
18/3/2021,M18,2,-83.878382,9.265391
15/3/2021,M17,13,-83.878387,9.265185
12/9/2020,M7,4,-83.878388,9.264888
15/3/2021,M17,16,-83.878389,9.264744
8/9/2020,M6,46,-83.878391,9.264649
18/9/2020,M10,26,-83.878392,9.265251
8/9/2020,M6,34,-83.878393,9.265285
17/9/2021,M20,83,-83.878396,9.265236
17/9/2021,M20,26,-83.878398,9.265369
17/9/2021,M20,28,-83.878399,9.265274
11/8/2020,M4,27,-83.878401,9.265421
18/3/2021,M18,6,-83.878401,9.265331
21/4/2021,M19,9,-83.878403,9.265337
25/11/2020,M13,97,-83.878404,9.265208
29/10/2020,M12,99,-83.878405,9.265281
21/4/2021,M19,10,-83.878405,9.265372
4/8/2020,M1,61,-83.878406,9.265239
10/8/2020,M3,77,-83.878408,9.265312
7/9/2020,M5,74,-83.878408,9.265351
21/4/2021,M19,8,-83.878409,9.265359
25/11/2020,M13,71,-83.878411,9.265517
4/8/2020,M1,63,-83.878414,9.265372
15/3/2021,M17,10,-83.878414,9.265338
18/3/2021,M18,21,-83.878414,9.265219
29/10/2020,M12,100,-83.878415,9.265281
25/11/2020,M13,83,-83.878415,9.265299
18/3/2021,M18,1,-83.878415,9.265386
4/8/2020,M1,59,-83.878416,9.265342
17/9/2021,M20,82,-83.878416,9.265352
2/12/2020,M14 ,95,-83.878417,9.265296
15/3/2021,M17,9,-83.878418,9.265241
10/8/2020,M3,44,-83.87842,9.264849
4/8/2020,M1,60,-83.878421,9.265264
12/9/2020,M7,33,-83.878421,9.26535
26/1/2021,M16,126,-83.878424,9.265496
4/8/2020,M1,69,-83.878428,9.264873
21/4/2021,M19,6,-83.878428,9.265264
7/9/2020,M5,75,-83.878432,9.265248
16/9/2020,M9,75,-83.878433,9.264891
17/9/2021,M20,29,-83.878436,9.265174
11/8/2020,M4,26,-83.878445,9.265332
25/11/2020,M13,98,-83.878446,9.265161
18/3/2021,M18,18,-83.878447,9.265038
12/9/2020,M7,1,-83.878451,9.264679
15/3/2021,M17,8,-83.878458,9.26533
11/8/2020,M4,25,-83.87846,9.26522
18/3/2021,M18,20,-83.878462,9.265124
8/9/2020,M6,45,-83.878463,9.264847
21/4/2021,M19,7,-83.878463,9.265255
8/8/2020,M2,117,-83.878466,9.264801
29/10/2020,M12,101,-83.878466,9.265252
11/8/2020,M4,24,-83.878471,9.265296
4/8/2020,M1,64,-83.878472,9.265237
29/10/2020,M12,97,-83.878474,9.265292
18/3/2021,M18,16,-83.878475,9.264881
10/8/2020,M3,78,-83.878477,9.265327
17/9/2021,M20,30,-83.878478,9.265265
26/1/2021,M16,125,-83.87848,9.265341
29/10/2020,M12,98,-83.878481,9.26524
21/4/2021,M19,18,-83.878483,9.265116
17/9/2021,M20,31,-83.878483,9.265314
12/9/2020,M7,34,-83.878486,9.265384
8/9/2020,M6,36,-83.878487,9.265268
25/11/2020,M13,89,-83.878489,9.264889
25/11/2020,M13,88,-83.878491,9.26524
12/9/2020,M7,38,-83.878492,9.265197
18/3/2021,M18,15,-83.878498,9.264894
8/9/2020,M6,35,-83.878506,9.265183
16/9/2020,M9,74,-83.87851,9.265058
17/9/2021,M20,32,-83.87851,9.265286
25/11/2020,M13,90,-83.878511,9.26486
14/9/2020,M8,35,-83.878513,9.265369
18/3/2021,M18,19,-83.878514,9.265096
12/9/2020,M7,37,-83.878516,9.265157
7/9/2020,M5,82,-83.878519,9.264806
25/11/2020,M13,84,-83.878519,9.265353
17/9/2021,M20,76,-83.878528,9.264877
14/9/2020,M8,34,-83.878531,9.265282
18/3/2021,M18,5,-83.878531,9.265325
25/11/2020,M13,87,-83.878533,9.265239
25/11/2020,M13,92,-83.878536,9.264821
4/8/2020,M1,65,-83.878537,9.265199
26/1/2021,M16,124,-83.878537,9.265306
25/11/2020,M13,91,-83.878538,9.264858
2/12/2020,M14 ,96,-83.878545,9.265218
15/3/2021,M17,7,-83.878546,9.265305
18/3/2021,M18,17,-83.878548,9.26489
7/9/2020,M5,76,-83.878549,9.26522
25/11/2020,M13,86,-83.87855,9.265331
12/9/2020,M7,35,-83.878551,9.265351
8/8/2020,M2,86,-83.878553,9.264866
17/9/2021,M20,167,-83.878555,9.265102
7/9/2020,M5,77,-83.878556,9.265027
2/12/2020,M14 ,97,-83.878556,9.265071
15/3/2021,M17,14,-83.878556,9.265005
21/4/2021,M19,24,-83.878556,9.264865
17/9/2021,M20,168,-83.878562,9.265086
17/9/2021,M20,33,-83.87857,9.265078
21/4/2021,M19,5,-83.878571,9.265216
4/8/2020,M1,68,-83.878573,9.264816
12/9/2020,M7,39,-83.878574,9.265103
18/3/2021,M18,4,-83.878576,9.265435
17/9/2021,M20,81,-83.878576,9.265054
18/9/2020,M10,28,-83.878579,9.265107
17/9/2021,M20,165,-83.878594,9.265028
25/11/2020,M13,85,-83.878598,9.265361
21/4/2021,M19,19,-83.878605,9.265004
12/9/2020,M7,36,-83.878612,9.265374
11/8/2020,M4,78,-83.878614,9.265003
11/8/2020,M4,73,-83.878618,9.265044
17/9/2021,M20,166,-83.878621,9.265018
21/4/2021,M19,20,-83.878622,9.265018
14/9/2020,M8,39,-83.878623,9.264975
12/9/2020,M7,45,-83.878624,9.264975
12/9/2020,M7,44,-83.878625,9.265004
4/8/2020,M1,66,-83.878628,9.265172
29/10/2020,M12,106,-83.878628,9.264999
12/9/2020,M7,46,-83.87863,9.26498
8/8/2020,M2,94,-83.878633,9.264973
10/8/2020,M3,43,-83.878634,9.264957
8/9/2020,M6,37,-83.87864,9.265105
10/8/2020,M3,42,-83.878642,9.264997
8/9/2020,M6,38,-83.878652,9.265023
17/9/2020,M9,76,-83.878654,9.265038
7/9/2020,M5,78,-83.87866,9.265094
26/1/2021,M16,120,-83.878663,9.265089
18/9/2020,M10,27,-83.878666,9.265141
26/1/2021,M16,121,-83.878666,9.265084
8/8/2020,M2,118,-83.878678,9.265043
22/9/2020,M11,27,-83.878678,9.265066
17/9/2021,M20,80,-83.878686,9.265112
8/8/2020,M2,88,-83.878693,9.265043
8/8/2020,M2,87,-83.878698,9.265065
12/9/2020,M7,42,-83.878698,9.265046
2/12/2020,M14 ,98,-83.8787,9.265035
8/8/2020,M2,89,-83.878702,9.265049
18/3/2021,M18,3,-83.878706,9.265722
14/9/2020,M8,36,-83.878709,9.26509
8/9/2020,M6,41,-83.878713,9.265019
17/9/2020,M9,77,-83.878716,9.26508
26/1/2021,M16,123,-83.878717,9.265447
8/9/2020,M6,39,-83.878718,9.265057
12/9/2020,M7,41,-83.878725,9.265085
18/9/2020,M10,29,-83.878727,9.265073
8/9/2020,M6,40,-83.878728,9.265004
25/11/2020,M13,96,-83.87873,9.264855
15/3/2021,M17,6,-83.878734,9.265052
4/8/2020,M1,67,-83.878735,9.265099
2/12/2020,M14 ,106,-83.878735,9.264858
12/9/2020,M7,40,-83.878736,9.265119
8/9/2020,M6,42,-83.878739,9.265071
12/9/2020,M7,43,-83.87874,9.265068
26/1/2021,M16,119,-83.878744,9.265061
15/3/2021,M17,4,-83.878744,9.264824
15/3/2021,M17,5,-83.878744,9.265046
18/3/2021,M18,9,-83.878744,9.265019
26/1/2021,M16,122,-83.878748,9.26541
21/4/2021,M19,21,-83.878749,9.265177
17/9/2021,M20,34,-83.878752,9.265105
26/1/2021,M16,118,-83.878754,9.265062
17/9/2020,M9,81,-83.87876,9.264845
29/10/2020,M12,105,-83.878766,9.264769
17/9/2021,M20,75,-83.878779,9.264702
25/11/2020,M13,93,-83.87878,9.264806
17/9/2021,M20,79,-83.878782,9.265051
15/3/2021,M17,3,-83.878792,9.264696
18/3/2021,M18,14,-83.878797,9.264769
17/9/2021,M20,163,-83.87881,9.264789
26/1/2021,M16,117,-83.878837,9.265043
21/4/2021,M19,22,-83.878842,9.265308
26/1/2021,M16,116,-83.878845,9.26504
2/12/2020,M14 ,99,-83.878847,9.264961
26/1/2021,M16,115,-83.878856,9.265076
17/9/2021,M20,164,-83.878866,9.264766
17/9/2021,M20,157,-83.878887,9.264583
21/4/2021,M19,23,-83.878893,9.26481
7/9/2020,M5,81,-83.878898,9.264751
7/9/2020,M5,79,-83.878908,9.264869
25/11/2020,M13,95,-83.878914,9.264797
8/8/2020,M2,93,-83.878916,9.264832
18/3/2021,M18,13,-83.878919,9.264885
26/1/2021,M16,114,-83.878921,9.265104
18/9/2020,M10,32,-83.878925,9.264858
8/8/2020,M2,91,-83.878927,9.264898
25/11/2020,M13,94,-83.878932,9.264783
21/4/2021,M19,29,-83.878937,9.264587
7/9/2020,M5,80,-83.878951,9.26489
26/1/2021,M16,113,-83.878952,9.265068
8/8/2020,M2,90,-83.87896,9.264883
18/3/2021,M18,10,-83.878968,9.264973
2/12/2020,M14 ,100,-83.878972,9.264868
10/8/2020,M3,76,-83.87899,9.26493
15/3/2021,M17,1,-83.878992,9.264656
18/3/2021,M18,11,-83.879002,9.264954
17/9/2021,M20,158,-83.879014,9.264654
17/9/2021,M20,77,-83.879025,9.264816
14/9/2020,M8,37,-83.879028,9.265111
18/9/2020,M10,31,-83.87903,9.264979
26/1/2021,M16,105,-83.879032,9.264801
26/1/2021,M16,104,-83.879037,9.264805
18/3/2021,M18,12,-83.879045,9.26492
8/8/2020,M2,92,-83.879046,9.2648
17/9/2020,M9,80,-83.879046,9.264843
29/10/2020,M12,104,-83.879051,9.264776
2/12/2020,M14 ,102,-83.879056,9.26487
17/9/2021,M20,159,-83.87906,9.264685
21/4/2021,M19,28,-83.879065,9.26483
25/11/2020,M13,103,-83.879066,9.264795
12/9/2020,M7,47,-83.87907,9.264775
17/9/2020,M9,79,-83.879071,9.264757
12/9/2020,M7,48,-83.879072,9.264763
8/9/2020,M6,44,-83.879078,9.264855
11/8/2020,M4,74,-83.87908,9.264784
8/9/2020,M6,43,-83.879085,9.264845
2/12/2020,M14 ,101,-83.879088,9.264868
17/9/2020,M9,78,-83.879096,9.26484
18/9/2020,M10,30,-83.879096,9.264986
12/9/2020,M7,49,-83.879101,9.264796
17/9/2021,M20,78,-83.879101,9.264925
26/1/2021,M16,106,-83.879105,9.264809
11/8/2020,M4,77,-83.879113,9.265168
29/10/2020,M12,102,-83.879125,9.265129
11/8/2020,M4,75,-83.879139,9.264768
21/4/2021,M19,25,-83.879167,9.265516
29/10/2020,M12,103,-83.879188,9.264936
2/12/2020,M14 ,103,-83.879191,9.265042
14/9/2020,M8,38,-83.879213,9.264849
2/12/2020,M14 ,104,-83.879221,9.265061
2/12/2020,M14 ,105,-83.879225,9.265109
15/3/2021,M17,2,-83.879231,9.264815
26/1/2021,M16,107,-83.879247,9.26488
21/4/2021,M19,27,-83.87925,9.264864
17/9/2021,M20,160,-83.879256,9.264798
11/8/2020,M4,31,-83.879276,9.265055
17/9/2021,M20,161,-83.879388,9.265138
10/8/2020,M3,40,-83.879395,9.265095
26/1/2021,M16,109,-83.879409,9.26514
26/1/2021,M16,108,-83.879418,9.265145
11/8/2020,M4,76,-83.879426,9.265193
10/8/2020,M3,75,-83.879432,9.265112
10/8/2020,M3,41,-83.879438,9.265148
17/9/2021,M20,162,-83.879451,9.265377
21/4/2021,M19,26,-83.879457,9.26507
18/3/2021,M18,22,-83.879458,9.265108
18/3/2021,M18,23,-83.879459,9.265111
11/8/2020,M4,30,-83.87947,9.265092
26/1/2021,M16,110,-83.879499,9.265105
26/1/2021,M16,111,-83.87955,9.265242
26/1/2021,M16,112,-83.879569,9.26527
18/3/2021,M18,24,-83.87957,9.265237
